ClientRef,OperationRef,MontantTND,DateOperation,NatureOperation,SensFlux,CanalUtilise,SecteurCommercant,DeviseTransaction
0aced6d2-4fe1-4787-b653-d3bf70a4c30e,OP-000001,55.64,2026-09-18,TRANSFER,IN,ONLINE,,TND
2101db79-89a1-414b-9b37-351d9797701b,OP-000002,89.99,2026-08-17,CARD_PURCHASE,,POS,E_COMMERCE,TND
4c056708-a89d-4649-aec7-069be9505175,OP-000003,534.65,2026-10-06,DEPOSIT,,ATM,,TND
6c4c71c8-cf5d-436e-ad6e-6c2a47f0637f,OP-000004,0,2026-08-08,PRODUCT_EVENT,,ATM,,TND
fc08d5f4-6b0a-400a-80c7-1e44b59a39a7,OP-000005,18.95,2026-08-23,ONLINE_PAYMENT,,ONLINE,E_COMMERCE,TND
7ac599cc-ebe3-46c5-8f8f-8f2e29e57712,OP-000006,63.06,2026-09-06,BILL_PAYMENT,,POS,,TND
46249a16-3043-4206-a6eb-10182dcb4257,OP-000007,335.15,2026-08-28,TRANSFER,IN,ONLINE,,TND
db0c197a-9abf-446d-a292-f08378fe8df9,OP-000008,399.02,2026-08-12,DEPOSIT,,ATM,,TND
b9765fa3-eb6d-476d-b764-aea7af2b8717,OP-000009,254.24,2026-08-24,TRANSFER,IN,POS,,TND
e6ee527b-2c1b-4a91-a493-714bb2bad56b,OP-000010,0,2026-08-09,PRODUCT_EVENT,,ATM,,TND
caa48f29-3c8e-4100-81b5-bc72037a6324,OP-000011,265.94,2026-09-07,DEPOSIT,,POS,,TND
46249a16-3043-4206-a6eb-10182dcb4257,OP-000012,171.82,2026-09-17,ONLINE_PAYMENT,,ATM,GROCERY,TND
caa48f29-3c8e-4100-81b5-bc72037a6324,OP-000013,134.77,2026-09-20,SAVINGS,,ATM,,TND
16b627b5-bed0-421c-b04c-248716ba2757,OP-000014,311.33,2026-08-05,SAVINGS,,MOBILE_APP,,TND
db0c197a-9abf-446d-a292-f08378fe8df9,OP-000015,0,2026-08-21,PRODUCT_EVENT,,MOBILE_APP,,TND
db0c197a-9abf-446d-a292-f08378fe8df9,OP-000016,30.92,2026-08-19,DEPOSIT,,MOBILE_APP,,EUR
efaa92cf-0e87-4370-ba67-be22f07d585d,OP-000017,212.56,2026-10-11,TRANSFER,OUT,POS,,TND
2101db79-89a1-414b-9b37-351d9797701b,OP-000018,105.24,2026-09-24,BILL_PAYMENT,,ONLINE,,TND
9e1cd179-232c-4848-b615-d36a7f8fea95,OP-000019,206.97,2026-10-11,CARD_PURCHASE,,POS,RETAIL,TND
2320cd15-2f4f-4184-a03f-31cce81b30f2,OP-000020,213.85,2026-10-14,ONLINE_PAYMENT,,ONLINE,E_COMMERCE,TND
16b627b5-bed0-421c-b04c-248716ba2757,OP-000021,317.11,2026-08-02,DEPOSIT,,ONLINE,,TND
9e1cd179-232c-4848-b615-d36a7f8fea95,OP-000022,179.29,2026-09-22,CARD_PURCHASE,,ATM,RESTAURANT,TND
7e9308eb-2669-4dc5-a96d-b8bf509e4f87,OP-000023,288.28,2026-09-08,DEPOSIT,,ONLINE,,TND
2101db79-89a1-414b-9b37-351d9797701b,OP-000024,7.97,2026-09-04,CARD_PURCHASE,,MOBILE_APP,E_COMMERCE,TND
2ecd0ce0-37ce-44b3-bb33-b0e719183e8a,OP-000025,359.06,2026-08-26,SAVINGS,,ONLINE,,TND
2320cd15-2f4f-4184-a03f-31cce81b30f2,OP-000026,190.72,2026-09-21,BILL_PAYMENT,,MOBILE_APP,,TND
db0c197a-9abf-446d-a292-f08378fe8df9,OP-000027,220.1,2026-09-30,CARD_PURCHASE,,ONLINE,FUEL,TND
98ea3367-2331-4fba-8dcf-6a8d2475028a,OP-000028,239.49,2026-08-31,TRANSFER,IN,POS,,TND
0aced6d2-4fe1-4787-b653-d3bf70a4c30e,OP-000029,464.49,2026-08-02,TRANSFER,IN,ATM,,TND
7ac599cc-ebe3-46c5-8f8f-8f2e29e57712,OP-000030,78.46,2026-08-29,ONLINE_PAYMENT,,MOBILE_APP,RESTAURANT,TND
db0c197a-9abf-446d-a292-f08378fe8df9,OP-000031,185.27,2026-08-21,CARD_PURCHASE,,MOBILE_APP,FOOD_DELIVERY,TND
2320cd15-2f4f-4184-a03f-31cce81b30f2,OP-000032,350.99,2026-09-11,DEPOSIT,,ONLINE,,TND
16b627b5-bed0-421c-b04c-248716ba2757,OP-000033,231.2,2026-09-13,ONLINE_PAYMENT,,ATM,FOOD_DELIVERY,TND
db0c197a-9abf-446d-a292-f08378fe8df9,OP-000034,0,2026-08-03,PRODUCT_EVENT,,ATM,,TND
6c4c71c8-cf5d-436e-ad6e-6c2a47f0637f,OP-000035,325.87,2026-09-08,TRANSFER,OUT,POS,,TND
d5aca640-a679-462e-ac8a-fc17aad46bae,OP-000036,81.74,2026-09-22,BILL_PAYMENT,,POS,,TND
98ea3367-2331-4fba-8dcf-6a8d2475028a,OP-000037,433.81,2026-08-24,DEPOSIT,,MOBILE_APP,,TND
d5aca640-a679-462e-ac8a-fc17aad46bae,OP-000038,59.56,2026-08-12,BILL_PAYMENT,,MOBILE_APP,,TND
2eb9fcac-f9f8-48bc-b186-3f087468dc42,OP-000039,172.66,2026-08-30,ONLINE_PAYMENT,,ONLINE,GROCERY,TND
2320cd15-2f4f-4184-a03f-31cce81b30f2,OP-000040,0,2026-08-05,PRODUCT_EVENT,,ONLINE,,TND
caa48f29-3c8e-4100-81b5-bc72037a6324,OP-000041,461.46,2026-08-15,DEPOSIT,,ONLINE,,TND
db0c197a-9abf-446d-a292-f08378fe8df9,OP-000042,0,2026-09-09,PRODUCT_EVENT,,ATM,,TND
efaa92cf-0e87-4370-ba67-be22f07d585d,OP-000043,98.68,2026-08-28,ONLINE_PAYMENT,,ATM,GROCERY,TND
fc08d5f4-6b0a-400a-80c7-1e44b59a39a7,OP-000044,275.73,2026-10-02,CARD_PURCHASE,,ATM,FUEL,TND
db0c197a-9abf-446d-a292-f08378fe8df9,OP-000045,116.67,2026-08-24,DEPOSIT,,POS,,EUR
9e1cd179-232c-4848-b615-d36a7f8fea95,OP-000046,166.67,2026-08-14,TRANSFER,OUT,ONLINE,,TND
0aced6d2-4fe1-4787-b653-d3bf70a4c30e,OP-000047,383.12,2026-08-11,TRANSFER,IN,MOBILE_APP,,TND
4c056708-a89d-4649-aec7-069be9505175,OP-000048,338.65,2026-09-08,ONLINE_PAYMENT,,POS,FUEL,TND
46249a16-3043-4206-a6eb-10182dcb4257,OP-000049,108.61,2026-08-20,ONLINE_PAYMENT,,POS,FUEL,TND
caa48f29-3c8e-4100-81b5-bc72037a6324,OP-000050,180.36,2026-08-03,BILL_PAYMENT,,MOBILE_APP,,TND
fc08d5f4-6b0a-400a-80c7-1e44b59a39a7,OP-000051,183.95,2026-08-07,SAVINGS,,MOBILE_APP,,TND
8b4318d7-b169-44ad-9bb1-a5d4dcc3848e,OP-000052,165.07,2026-08-18,CARD_PURCHASE,,MOBILE_APP,RESTAURANT,TND
d5aca640-a679-462e-ac8a-fc17aad46bae,OP-000053,0,2026-09-06,PRODUCT_EVENT,,MOBILE_APP,,TND
0aced6d2-4fe1-4787-b653-d3bf70a4c30e,OP-000054,0,2026-10-07,PRODUCT_EVENT,,ATM,,TND
98ea3367-2331-4fba-8dcf-6a8d2475028a,OP-000055,397.31,2026-10-07,SAVINGS,,POS,,TND
caa48f29-3c8e-4100-81b5-bc72037a6324,OP-000056,120.46,2026-08-17,BILL_PAYMENT,,MOBILE_APP,,TND
e6ee527b-2c1b-4a91-a493-714bb2bad56b,OP-000057,537.64,2026-08-07,SAVINGS,,ATM,,TND
023a65f7-7884-4f2c-805c-1b2cfdd790e8,OP-000058,182.28,2026-10-02,SAVINGS,,POS,,TND
2ecd0ce0-37ce-44b3-bb33-b0e719183e8a,OP-000059,381.54,2026-08-27,SAVINGS,,ONLINE,,TND
9e1cd179-232c-4848-b615-d36a7f8fea95,OP-000060,280.96,2026-10-13,TRANSFER,OUT,MOBILE_APP,,TND
46249a16-3043-4206-a6eb-10182dcb4257,OP-000061,0,2026-08-14,PRODUCT_EVENT,,POS,,TND
7ac599cc-ebe3-46c5-8f8f-8f2e29e57712,OP-000062,0,2026-08-21,PRODUCT_EVENT,,ONLINE,,TND
4c056708-a89d-4649-aec7-069be9505175,OP-000063,196.47,2026-08-11,BILL_PAYMENT,,ONLINE,,TND
caa48f29-3c8e-4100-81b5-bc72037a6324,OP-000064,46.6,2026-10-12,TRANSFER,OUT,ATM,,TND
e6ee527b-2c1b-4a91-a493-714bb2bad56b,OP-000065,181.28,2026-10-02,ONLINE_PAYMENT,,ONLINE,TELECOM,TND
16b627b5-bed0-421c-b04c-248716ba2757,OP-000066,20.25,2026-09-23,CARD_PURCHASE,,MOBILE_APP,GROCERY,TND
caa48f29-3c8e-4100-81b5-bc72037a6324,OP-000067,311.84,2026-09-04,ONLINE_PAYMENT,,MOBILE_APP,FOOD_DELIVERY,TND
efaa92cf-0e87-4370-ba67-be22f07d585d,OP-000068,5.6,2026-08-30,CARD_PURCHASE,,ATM,RESTAURANT,TND
16b627b5-bed0-421c-b04c-248716ba2757,OP-000069,360.09,2026-08-12,ONLINE_PAYMENT,,MOBILE_APP,GROCERY,TND
2eb9fcac-f9f8-48bc-b186-3f087468dc42,OP-000070,268.58,2026-09-25,TRANSFER,IN,MOBILE_APP,,TND
6c4c71c8-cf5d-436e-ad6e-6c2a47f0637f,OP-000071,360.43,2026-10-10,SAVINGS,,ATM,,TND
b9765fa3-eb6d-476d-b764-aea7af2b8717,OP-000072,485.58,2026-09-27,TRANSFER,OUT,MOBILE_APP,,TND
efaa92cf-0e87-4370-ba67-be22f07d585d,OP-000073,0,2026-09-19,PRODUCT_EVENT,,POS,,TND
e6ee527b-2c1b-4a91-a493-714bb2bad56b,OP-000074,0,2026-09-12,PRODUCT_EVENT,,POS,,TND
16b627b5-bed0-421c-b04c-248716ba2757,OP-000075,120.73,2026-09-11,BILL_PAYMENT,,ONLINE,,TND
16b627b5-bed0-421c-b04c-248716ba2757,OP-000076,230.74,2026-08-26,DEPOSIT,,ATM,,EUR
4c056708-a89d-4649-aec7-069be9505175,OP-000077,346.98,2026-08-02,SAVINGS,,POS,,TND
caa48f29-3c8e-4100-81b5-bc72037a6324,OP-000078,0,2026-08-24,PRODUCT_EVENT,,MOBILE_APP,,EUR
7ac599cc-ebe3-46c5-8f8f-8f2e29e57712,OP-000079,114.84,2026-09-04,BILL_PAYMENT,,ONLINE,,TND
6c4c71c8-cf5d-436e-ad6e-6c2a47f0637f,OP-000080,309.83,2026-10-14,TRANSFER,OUT,ONLINE,,TND
db0c197a-9abf-446d-a292-f08378fe8df9,OP-000081,382.35,2026-09-10,TRANSFER,IN,MOBILE_APP,,TND
db0c197a-9abf-446d-a292-f08378fe8df9,OP-000082,284.17,2026-08-16,CARD_PURCHASE,,POS,RETAIL,EUR
fc08d5f4-6b0a-400a-80c7-1e44b59a39a7,OP-000083,275.15,2026-09-01,SAVINGS,,MOBILE_APP,,TND
16b627b5-bed0-421c-b04c-248716ba2757,OP-000084,526.88,2026-09-04,SAVINGS,,ONLINE,,TND
b9765fa3-eb6d-476d-b764-aea7af2b8717,OP-000085,150.49,2026-10-08,CARD_PURCHASE,,ATM,RESTAURANT,TND
caa48f29-3c8e-4100-81b5-bc72037a6324,OP-000086,205.54,2026-08-30,BILL_PAYMENT,,ONLINE,,TND
e6ee527b-2c1b-4a91-a493-714bb2bad56b,OP-000087,238.6,2026-10-13,BILL_PAYMENT,,ONLINE,,TND
6c4c71c8-cf5d-436e-ad6e-6c2a47f0637f,OP-000088,34.61,2026-09-03,CARD_PURCHASE,,POS,FOOD_DELIVERY,TND
7e9308eb-2669-4dc5-a96d-b8bf509e4f87,OP-000089,17.47,2026-10-12,TRANSFER,OUT,ATM,,EUR
023a65f7-7884-4f2c-805c-1b2cfdd790e8,OP-000090,58.96,2026-08-28,ONLINE_PAYMENT,,MOBILE_APP,GROCERY,TND
efaa92cf-0e87-4370-ba67-be22f07d585d,OP-000091,320.67,2026-09-06,ONLINE_PAYMENT,,POS,RETAIL,TND
db0c197a-9abf-446d-a292-f08378fe8df9,OP-000092,219.77,2026-08-18,TRANSFER,OUT,POS,,TND
16b627b5-bed0-421c-b04c-248716ba2757,OP-000093,499.11,2026-09-22,DEPOSIT,,POS,,TND
023a65f7-7884-4f2c-805c-1b2cfdd790e8,OP-000094,246.92,2026-08-23,ONLINE_PAYMENT,,ONLINE,FOOD_DELIVERY,TND
fc08d5f4-6b0a-400a-80c7-1e44b59a39a7,OP-000095,578.65,2026-09-17,SAVINGS,,POS,,TND
023a65f7-7884-4f2c-805c-1b2cfdd790e8,OP-000096,290.75,2026-08-25,TRANSFER,OUT,ONLINE,,TND
b9765fa3-eb6d-476d-b764-aea7af2b8717,OP-000097,253.38,2026-08-03,CARD_PURCHASE,,ATM,TELECOM,TND
98ea3367-2331-4fba-8dcf-6a8d2475028a,OP-000098,0,2026-09-03,PRODUCT_EVENT,,ONLINE,,TND
0aced6d2-4fe1-4787-b653-d3bf70a4c30e,OP-000099,403.76,2026-08-23,DEPOSIT,,MOBILE_APP,,TND
2320cd15-2f4f-4184-a03f-31cce81b30f2,OP-000100,288.56,2026-08-26,DEPOSIT,,POS,,TND
fc08d5f4-6b0a-400a-80c7-1e44b59a39a7,OP-000101,181.83,2026-08-20,BILL_PAYMENT,,ATM,,TND
b9765fa3-eb6d-476d-b764-aea7af2b8717,OP-000102,244.45,2026-10-14,ONLINE_PAYMENT,,POS,GROCERY,TND
8b4318d7-b169-44ad-9bb1-a5d4dcc3848e,OP-000103,365.4,2026-09-06,SAVINGS,,ONLINE,,EUR
16b627b5-bed0-421c-b04c-248716ba2757,OP-000104,400.26,2026-08-29,TRANSFER,IN,MOBILE_APP,,TND
46249a16-3043-4206-a6eb-10182dcb4257,OP-000105,0,2026-10-12,PRODUCT_EVENT,,POS,,TND
fc08d5f4-6b0a-400a-80c7-1e44b59a39a7,OP-000106,69.12,2026-08-21,BILL_PAYMENT,,ATM,,TND
8b4318d7-b169-44ad-9bb1-a5d4dcc3848e,OP-000107,148.72,2026-09-01,DEPOSIT,,ONLINE,,TND
b9765fa3-eb6d-476d-b764-aea7af2b8717,OP-000108,289.77,2026-08-18,CARD_PURCHASE,,ATM,FUEL,TND
98ea3367-2331-4fba-8dcf-6a8d2475028a,OP-000109,32.25,2026-09-22,BILL_PAYMENT,,POS,,TND
caa48f29-3c8e-4100-81b5-bc72037a6324,OP-000110,85.03,2026-09-15,DEPOSIT,,ONLINE,,TND
fc08d5f4-6b0a-400a-80c7-1e44b59a39a7,OP-000111,203.38,2026-09-27,CARD_PURCHASE,,ATM,RESTAURANT,TND
1d7d8f22-0b82-43f0-a7d1-4feec5caaa97,OP-000112,119.37,2026-08-16,DEPOSIT,,POS,,TND
8b4318d7-b169-44ad-9bb1-a5d4dcc3848e,OP-000113,172.07,2026-09-25,CARD_PURCHASE,,ATM,FOOD_DELIVERY,TND
2101db79-89a1-414b-9b37-351d9797701b,OP-000114,111.75,2026-09-04,CARD_PURCHASE,,ONLINE,E_COMMERCE,TND
b9765fa3-eb6d-476d-b764-aea7af2b8717,OP-000115,0,2026-08-21,PRODUCT_EVENT,,POS,,TND
2eb9fcac-f9f8-48bc-b186-3f087468dc42,OP-000116,119.5,2026-10-04,CARD_PURCHASE,,ONLINE,FUEL,TND
fc08d5f4-6b0a-400a-80c7-1e44b59a39a7,OP-000117,79.02,2026-08-25,TRANSFER,OUT,ONLINE,,TND
2320cd15-2f4f-4184-a03f-31cce81b30f2,OP-000118,18.41,2026-08-18,CARD_PURCHASE,,ATM,FUEL,TND
7e9308eb-2669-4dc5-a96d-b8bf509e4f87,OP-000119,88.14,2026-09-29,CARD_PURCHASE,,ATM,E_COMMERCE,TND
46249a16-3043-4206-a6eb-10182dcb4257,OP-000120,0,2026-10-01,PRODUCT_EVENT,,ATM,,TND
46249a16-3043-4206-a6eb-10182dcb4257,OP-000121,540.18,2026-09-18,DEPOSIT,,ATM,,TND
6c4c71c8-cf5d-436e-ad6e-6c2a47f0637f,OP-000122,53.85,2026-09-02,BILL_PAYMENT,,POS,,TND
6c4c71c8-cf5d-436e-ad6e-6c2a47f0637f,OP-000123,119.81,2026-08-05,BILL_PAYMENT,,POS,,TND
2ecd0ce0-37ce-44b3-bb33-b0e719183e8a,OP-000124,125.7,2026-09-19,BILL_PAYMENT,,ONLINE,,TND
2320cd15-2f4f-4184-a03f-31cce81b30f2,OP-000125,143.83,2026-09-08,ONLINE_PAYMENT,,POS,RESTAURANT,TND
6c4c71c8-cf5d-436e-ad6e-6c2a47f0637f,OP-000126,229.06,2026-08-21,TRANSFER,OUT,POS,,TND
1d7d8f22-0b82-43f0-a7d1-4feec5caaa97,OP-000127,31.39,2026-09-10,TRANSFER,IN,ONLINE,,EUR
7ac599cc-ebe3-46c5-8f8f-8f2e29e57712,OP-000128,481.12,2026-10-09,SAVINGS,,ONLINE,,TND
8b4318d7-b169-44ad-9bb1-a5d4dcc3848e,OP-000129,76.63,2026-08-10,CARD_PURCHASE,,ATM,RESTAURANT,TND
6c4c71c8-cf5d-436e-ad6e-6c2a47f0637f,OP-000130,0,2026-08-20,PRODUCT_EVENT,,ONLINE,,EUR
2eb9fcac-f9f8-48bc-b186-3f087468dc42,OP-000131,89.67,2026-08-13,CARD_PURCHASE,,ONLINE,RESTAURANT,TND
2320cd15-2f4f-4184-a03f-31cce81b30f2,OP-000132,295.64,2026-09-30,CARD_PURCHASE,,POS,RESTAURANT,TND
023a65f7-7884-4f2c-805c-1b2cfdd790e8,OP-000133,133.36,2026-09-18,ONLINE_PAYMENT,,ONLINE,E_COMMERCE,EUR
efaa92cf-0e87-4370-ba67-be22f07d585d,OP-000134,277.24,2026-08-17,SAVINGS,,MOBILE_APP,,TND
9e1cd179-232c-4848-b615-d36a7f8fea95,OP-000135,67.12,2026-09-12,TRANSFER,OUT,MOBILE_APP,,TND
9e1cd179-232c-4848-b615-d36a7f8fea95,OP-000136,108.1,2026-10-02,TRANSFER,OUT,ATM,,TND
fc08d5f4-6b0a-400a-80c7-1e44b59a39a7,OP-000137,23.11,2026-10-08,BILL_PAYMENT,,ONLINE,,TND
e6ee527b-2c1b-4a91-a493-714bb2bad56b,OP-000138,435.88,2026-08-02,SAVINGS,,POS,,EUR
db0c197a-9abf-446d-a292-f08378fe8df9,OP-000139,108.04,2026-09-06,TRANSFER,IN,ONLINE,,TND
b9765fa3-eb6d-476d-b764-aea7af2b8717,OP-000140,13.31,2026-09-01,CARD_PURCHASE,,ATM,RETAIL,TND
1d7d8f22-0b82-43f0-a7d1-4feec5caaa97,OP-000141,393.22,2026-09-16,DEPOSIT,,POS,,EUR
0aced6d2-4fe1-4787-b653-d3bf70a4c30e,OP-000142,147.85,2026-09-22,BILL_PAYMENT,,ONLINE,,TND
023a65f7-7884-4f2c-805c-1b2cfdd790e8,OP-000143,132.72,2026-09-22,TRANSFER,OUT,ATM,,TND
db0c197a-9abf-446d-a292-f08378fe8df9,OP-000144,212.32,2026-08-25,ONLINE_PAYMENT,,POS,FOOD_DELIVERY,TND
caa48f29-3c8e-4100-81b5-bc72037a6324,OP-000145,181.5,2026-09-09,TRANSFER,IN,MOBILE_APP,,TND
98ea3367-2331-4fba-8dcf-6a8d2475028a,OP-000146,190.69,2026-08-19,CARD_PURCHASE,,ONLINE,TELECOM,TND
6c4c71c8-cf5d-436e-ad6e-6c2a47f0637f,OP-000147,0,2026-09-30,PRODUCT_EVENT,,ATM,,TND
2320cd15-2f4f-4184-a03f-31cce81b30f2,OP-000148,288.44,2026-08-18,ONLINE_PAYMENT,,ATM,RESTAURANT,TND
2101db79-89a1-414b-9b37-351d9797701b,OP-000149,525.16,2026-09-26,SAVINGS,,POS,,TND
4c056708-a89d-4649-aec7-069be9505175,OP-000150,546.9,2026-09-22,DEPOSIT,,POS,,TND
b9765fa3-eb6d-476d-b764-aea7af2b8717,OP-000151,243.2,2026-09-23,ONLINE_PAYMENT,,POS,GROCERY,TND
46249a16-3043-4206-a6eb-10182dcb4257,OP-000152,305.09,2026-08-28,DEPOSIT,,POS,,TND
b9765fa3-eb6d-476d-b764-aea7af2b8717,OP-000153,0,2026-08-03,PRODUCT_EVENT,,ONLINE,,EUR
8b4318d7-b169-44ad-9bb1-a5d4dcc3848e,OP-000154,80.38,2026-09-05,ONLINE_PAYMENT,,ATM,GROCERY,TND
2eb9fcac-f9f8-48bc-b186-3f087468dc42,OP-000155,310.07,2026-09-27,SAVINGS,,ONLINE,,TND
8b4318d7-b169-44ad-9bb1-a5d4dcc3848e,OP-000156,207.79,2026-08-05,CARD_PURCHASE,,POS,E_COMMERCE,TND
46249a16-3043-4206-a6eb-10182dcb4257,OP-000157,269.28,2026-10-01,ONLINE_PAYMENT,,MOBILE_APP,RETAIL,EUR
1d7d8f22-0b82-43f0-a7d1-4feec5caaa97,OP-000158,476.16,2026-08-10,SAVINGS,,ATM,,TND
4c056708-a89d-4649-aec7-069be9505175,OP-000159,198.78,2026-09-07,SAVINGS,,ONLINE,,TND
9e1cd179-232c-4848-b615-d36a7f8fea95,OP-000160,47.1,2026-08-13,ONLINE_PAYMENT,,ONLINE,GROCERY,TND
6c4c71c8-cf5d-436e-ad6e-6c2a47f0637f,OP-000161,0,2026-08-09,PRODUCT_EVENT,,ONLINE,,TND
1d7d8f22-0b82-43f0-a7d1-4feec5caaa97,OP-000162,172.68,2026-09-18,ONLINE_PAYMENT,,POS,FUEL,TND
d5aca640-a679-462e-ac8a-fc17aad46bae,OP-000163,21.28,2026-10-07,BILL_PAYMENT,,POS,,TND
8b4318d7-b169-44ad-9bb1-a5d4dcc3848e,OP-000164,487.87,2026-08-12,DEPOSIT,,ATM,,TND
2320cd15-2f4f-4184-a03f-31cce81b30f2,OP-000165,0,2026-09-14,PRODUCT_EVENT,,POS,,TND
0aced6d2-4fe1-4787-b653-d3bf70a4c30e,OP-000166,121.52,2026-10-10,CARD_PURCHASE,,ATM,FOOD_DELIVERY,TND
7e9308eb-2669-4dc5-a96d-b8bf509e4f87,OP-000167,410.44,2026-09-05,DEPOSIT,,ATM,,TND
fc08d5f4-6b0a-400a-80c7-1e44b59a39a7,OP-000168,0,2026-10-13,PRODUCT_EVENT,,POS,,TND
46249a16-3043-4206-a6eb-10182dcb4257,OP-000169,67.1,2026-09-09,BILL_PAYMENT,,MOBILE_APP,,TND
efaa92cf-0e87-4370-ba67-be22f07d585d,OP-000170,23.22,2026-08-18,SAVINGS,,ATM,,TND
b9765fa3-eb6d-476d-b764-aea7af2b8717,OP-000171,78.49,2026-08-13,TRANSFER,IN,POS,,TND
0aced6d2-4fe1-4787-b653-d3bf70a4c30e,OP-000172,8.3,2026-10-10,CARD_PURCHASE,,POS,FOOD_DELIVERY,TND
6c4c71c8-cf5d-436e-ad6e-6c2a47f0637f,OP-000173,230.23,2026-09-29,DEPOSIT,,ATM,,TND
2101db79-89a1-414b-9b37-351d9797701b,OP-000174,441.34,2026-09-09,SAVINGS,,MOBILE_APP,,TND
db0c197a-9abf-446d-a292-f08378fe8df9,OP-000175,0,2026-08-13,PRODUCT_EVENT,,ATM,,TND
023a65f7-7884-4f2c-805c-1b2cfdd790e8,OP-000176,14.37,2026-08-28,ONLINE_PAYMENT,,ONLINE,RESTAURANT,EUR
0aced6d2-4fe1-4787-b653-d3bf70a4c30e,OP-000177,44.2,2026-08-25,BILL_PAYMENT,,MOBILE_APP,,TND
9e1cd179-232c-4848-b615-d36a7f8fea95,OP-000178,298.31,2026-10-09,SAVINGS,,MOBILE_APP,,TND
2ecd0ce0-37ce-44b3-bb33-b0e719183e8a,OP-000179,170.07,2026-09-14,SAVINGS,,ONLINE,,TND
caa48f29-3c8e-4100-81b5-bc72037a6324,OP-000180,245.94,2026-08-17,BILL_PAYMENT,,MOBILE_APP,,TND
46249a16-3043-4206-a6eb-10182dcb4257,OP-000181,439.18,2026-09-08,TRANSFER,IN,POS,,TND
9e1cd179-232c-4848-b615-d36a7f8fea95,OP-000182,319.26,2026-09-08,ONLINE_PAYMENT,,ONLINE,RETAIL,TND
2320cd15-2f4f-4184-a03f-31cce81b30f2,OP-000183,298.61,2026-09-10,CARD_PURCHASE,,MOBILE_APP,E_COMMERCE,TND
2320cd15-2f4f-4184-a03f-31cce81b30f2,OP-000184,246.93,2026-08-15,BILL_PAYMENT,,MOBILE_APP,,TND
9e1cd179-232c-4848-b615-d36a7f8fea95,OP-000185,65.3,2026-09-23,ONLINE_PAYMENT,,ONLINE,TELECOM,TND
9e1cd179-232c-4848-b615-d36a7f8fea95,OP-000186,241.49,2026-08-04,TRANSFER,OUT,ATM,,TND
4c056708-a89d-4649-aec7-069be9505175,OP-000187,180.62,2026-10-10,CARD_PURCHASE,,MOBILE_APP,FUEL,TND
db0c197a-9abf-446d-a292-f08378fe8df9,OP-000188,394.69,2026-08-01,DEPOSIT,,POS,,TND
2ecd0ce0-37ce-44b3-bb33-b0e719183e8a,OP-000189,42.48,2026-08-07,BILL_PAYMENT,,POS,,TND
2ecd0ce0-37ce-44b3-bb33-b0e719183e8a,OP-000190,74.69,2026-08-18,SAVINGS,,ATM,,TND
1d7d8f22-0b82-43f0-a7d1-4feec5caaa97,OP-000191,44.16,2026-09-27,CARD_PURCHASE,,ATM,FOOD_DELIVERY,TND
7ac599cc-ebe3-46c5-8f8f-8f2e29e57712,OP-000192,412.68,2026-08-07,SAVINGS,,POS,,TND
023a65f7-7884-4f2c-805c-1b2cfdd790e8,OP-000193,148.39,2026-09-18,TRANSFER,IN,ATM,,TND
46249a16-3043-4206-a6eb-10182dcb4257,OP-000194,231.56,2026-08-28,BILL_PAYMENT,,ATM,,TND
98ea3367-2331-4fba-8dcf-6a8d2475028a,OP-000195,224.98,2026-10-13,BILL_PAYMENT,,POS,,EUR
2eb9fcac-f9f8-48bc-b186-3f087468dc42,OP-000196,318.36,2026-08-07,SAVINGS,,MOBILE_APP,,TND
46249a16-3043-4206-a6eb-10182dcb4257,OP-000197,0,2026-08-21,PRODUCT_EVENT,,MOBILE_APP,,TND
16b627b5-bed0-421c-b04c-248716ba2757,OP-000198,293.38,2026-08-03,SAVINGS,,POS,,TND
6c4c71c8-cf5d-436e-ad6e-6c2a47f0637f,OP-000199,366.77,2026-09-03,SAVINGS,,ATM,,EUR
4c056708-a89d-4649-aec7-069be9505175,OP-000200,0,2026-10-05,PRODUCT_EVENT,,POS,,EUR
2320cd15-2f4f-4184-a03f-31cce81b30f2,OP-000201,0,2026-08-17,PRODUCT_EVENT,,POS,,TND
0aced6d2-4fe1-4787-b653-d3bf70a4c30e,OP-000202,160.6,2026-10-05,CARD_PURCHASE,,MOBILE_APP,FUEL,TND
2ecd0ce0-37ce-44b3-bb33-b0e719183e8a,OP-000203,138.99,2026-09-14,BILL_PAYMENT,,POS,,TND
6c4c71c8-cf5d-436e-ad6e-6c2a47f0637f,OP-000204,0,2026-08-29,PRODUCT_EVENT,,ONLINE,,TND
caa48f29-3c8e-4100-81b5-bc72037a6324,OP-000205,231.13,2026-08-12,BILL_PAYMENT,,POS,,TND
2eb9fcac-f9f8-48bc-b186-3f087468dc42,OP-000206,102.59,2026-10-02,BILL_PAYMENT,,MOBILE_APP,,TND
2101db79-89a1-414b-9b37-351d9797701b,OP-000207,122.39,2026-08-19,SAVINGS,,ATM,,EUR
46249a16-3043-4206-a6eb-10182dcb4257,OP-000208,0,2026-08-31,PRODUCT_EVENT,,MOBILE_APP,,EUR
db0c197a-9abf-446d-a292-f08378fe8df9,OP-000209,42.81,2026-09-21,TRANSFER,IN,ONLINE,,TND
db0c197a-9abf-446d-a292-f08378fe8df9,OP-000210,459.03,2026-09-08,TRANSFER,IN,ATM,,TND
8b4318d7-b169-44ad-9bb1-a5d4dcc3848e,OP-000211,205.61,2026-08-08,SAVINGS,,POS,,EUR
efaa92cf-0e87-4370-ba67-be22f07d585d,OP-000212,309.34,2026-10-11,SAVINGS,,ATM,,TND
9e1cd179-232c-4848-b615-d36a7f8fea95,OP-000213,201.43,2026-09-24,DEPOSIT,,ATM,,TND
efaa92cf-0e87-4370-ba67-be22f07d585d,OP-000214,23.98,2026-09-16,ONLINE_PAYMENT,,ATM,RESTAURANT,TND
46249a16-3043-4206-a6eb-10182dcb4257,OP-000215,39.35,2026-09-02,BILL_PAYMENT,,ATM,,EUR
98ea3367-2331-4fba-8dcf-6a8d2475028a,OP-000216,62.6,2026-08-16,BILL_PAYMENT,,ATM,,TND
db0c197a-9abf-446d-a292-f08378fe8df9,OP-000217,238.41,2026-08-03,CARD_PURCHASE,,POS,FOOD_DELIVERY,TND
98ea3367-2331-4fba-8dcf-6a8d2475028a,OP-000218,557.62,2026-09-14,SAVINGS,,ONLINE,,TND
4c056708-a89d-4649-aec7-069be9505175,OP-000219,116.11,2026-09-21,TRANSFER,IN,MOBILE_APP,,TND
9e1cd179-232c-4848-b615-d36a7f8fea95,OP-000220,349.93,2026-09-27,SAVINGS,,ATM,,EUR
46249a16-3043-4206-a6eb-10182dcb4257,OP-000221,66.7,2026-08-17,DEPOSIT,,ATM,,TND
46249a16-3043-4206-a6eb-10182dcb4257,OP-000222,207.04,2026-08-11,BILL_PAYMENT,,ATM,,TND
e6ee527b-2c1b-4a91-a493-714bb2bad56b,OP-000223,165.65,2026-09-28,ONLINE_PAYMENT,,POS,FUEL,TND
023a65f7-7884-4f2c-805c-1b2cfdd790e8,OP-000224,403.18,2026-08-30,TRANSFER,IN,POS,,TND
4c056708-a89d-4649-aec7-069be9505175,OP-000225,316.79,2026-10-13,DEPOSIT,,ONLINE,,TND
46249a16-3043-4206-a6eb-10182dcb4257,OP-000226,130.03,2026-10-12,BILL_PAYMENT,,POS,,TND
98ea3367-2331-4fba-8dcf-6a8d2475028a,OP-000227,167.61,2026-09-29,BILL_PAYMENT,,POS,,TND
b9765fa3-eb6d-476d-b764-aea7af2b8717,OP-000228,188.91,2026-10-14,ONLINE_PAYMENT,,MOBILE_APP,TELECOM,TND
7ac599cc-ebe3-46c5-8f8f-8f2e29e57712,OP-000229,341.17,2026-10-08,TRANSFER,OUT,ONLINE,,TND
9e1cd179-232c-4848-b615-d36a7f8fea95,OP-000230,266.03,2026-09-17,TRANSFER,IN,MOBILE_APP,,TND
1d7d8f22-0b82-43f0-a7d1-4feec5caaa97,OP-000231,6.36,2026-08-15,CARD_PURCHASE,,POS,RESTAURANT,TND
e6ee527b-2c1b-4a91-a493-714bb2bad56b,OP-000232,386.64,2026-10-06,ONLINE_PAYMENT,,POS,FUEL,TND
8b4318d7-b169-44ad-9bb1-a5d4dcc3848e,OP-000233,106.97,2026-09-18,TRANSFER,IN,ATM,,TND
0aced6d2-4fe1-4787-b653-d3bf70a4c30e,OP-000234,95.67,2026-10-02,SAVINGS,,ATM,,TND
efaa92cf-0e87-4370-ba67-be22f07d585d,OP-000235,228.15,2026-09-28,SAVINGS,,POS,,TND
16b627b5-bed0-421c-b04c-248716ba2757,OP-000236,209.38,2026-09-22,DEPOSIT,,ONLINE,,TND
2101db79-89a1-414b-9b37-351d9797701b,OP-000237,52.21,2026-10-04,TRANSFER,OUT,ONLINE,,TND
2320cd15-2f4f-4184-a03f-31cce81b30f2,OP-000238,545.75,2026-10-02,SAVINGS,,POS,,TND
7ac599cc-ebe3-46c5-8f8f-8f2e29e57712,OP-000239,31.41,2026-08-29,TRANSFER,IN,ATM,,TND
e6ee527b-2c1b-4a91-a493-714bb2bad56b,OP-000240,265.19,2026-08-02,DEPOSIT,,MOBILE_APP,,TND
2eb9fcac-f9f8-48bc-b186-3f087468dc42,OP-000241,105.15,2026-08-25,BILL_PAYMENT,,ONLINE,,TND
d5aca640-a679-462e-ac8a-fc17aad46bae,OP-000242,56.39,2026-08-25,TRANSFER,OUT,ONLINE,,TND
6c4c71c8-cf5d-436e-ad6e-6c2a47f0637f,OP-000243,183.88,2026-08-01,CARD_PURCHASE,,MOBILE_APP,FOOD_DELIVERY,TND
46249a16-3043-4206-a6eb-10182dcb4257,OP-000244,234.76,2026-09-15,CARD_PURCHASE,,MOBILE_APP,FUEL,TND
2ecd0ce0-37ce-44b3-bb33-b0e719183e8a,OP-000245,30.9,2026-08-08,DEPOSIT,,ONLINE,,TND
caa48f29-3c8e-4100-81b5-bc72037a6324,OP-000246,138.02,2026-09-02,TRANSFER,IN,POS,,TND
caa48f29-3c8e-4100-81b5-bc72037a6324,OP-000247,69.53,2026-10-04,BILL_PAYMENT,,POS,,TND
2ecd0ce0-37ce-44b3-bb33-b0e719183e8a,OP-000248,274.74,2026-09-13,DEPOSIT,,ONLINE,,TND
d5aca640-a679-462e-ac8a-fc17aad46bae,OP-000249,255.8,2026-09-15,CARD_PURCHASE,,ONLINE,FOOD_DELIVERY,TND
0aced6d2-4fe1-4787-b653-d3bf70a4c30e,OP-000250,0,2026-09-29,PRODUCT_EVENT,,ATM,,TND
db0c197a-9abf-446d-a292-f08378fe8df9,OP-000251,156.93,2026-09-16,DEPOSIT,,POS,,TND
2101db79-89a1-414b-9b37-351d9797701b,OP-000252,38.62,2026-10-03,BILL_PAYMENT,,ATM,,TND
023a65f7-7884-4f2c-805c-1b2cfdd790e8,OP-000253,0,2026-09-15,PRODUCT_EVENT,,ATM,,TND
2eb9fcac-f9f8-48bc-b186-3f087468dc42,OP-000254,185.29,2026-10-01,BILL_PAYMENT,,ONLINE,,TND
fc08d5f4-6b0a-400a-80c7-1e44b59a39a7,OP-000255,140.04,2026-08-29,BILL_PAYMENT,,ATM,,EUR
2101db79-89a1-414b-9b37-351d9797701b,OP-000256,448.43,2026-08-24,TRANSFER,OUT,ATM,,TND
b9765fa3-eb6d-476d-b764-aea7af2b8717,OP-000257,81.03,2026-10-09,BILL_PAYMENT,,ONLINE,,TND
db0c197a-9abf-446d-a292-f08378fe8df9,OP-000258,135.18,2026-08-22,SAVINGS,,MOBILE_APP,,TND
d5aca640-a679-462e-ac8a-fc17aad46bae,OP-000259,143.08,2026-08-30,TRANSFER,OUT,MOBILE_APP,,TND
2101db79-89a1-414b-9b37-351d9797701b,OP-000260,125.73,2026-09-15,BILL_PAYMENT,,ATM,,TND
8b4318d7-b169-44ad-9bb1-a5d4dcc3848e,OP-000261,250.96,2026-09-17,ONLINE_PAYMENT,,ONLINE,RETAIL,TND
1d7d8f22-0b82-43f0-a7d1-4feec5caaa97,OP-000262,117.84,2026-09-08,CARD_PURCHASE,,ATM,TELECOM,EUR
6c4c71c8-cf5d-436e-ad6e-6c2a47f0637f,OP-000263,161.65,2026-09-02,BILL_PAYMENT,,ONLINE,,TND
8b4318d7-b169-44ad-9bb1-a5d4dcc3848e,OP-000264,434.33,2026-09-20,TRANSFER,IN,ONLINE,,TND
2101db79-89a1-414b-9b37-351d9797701b,OP-000265,349.65,2026-09-12,ONLINE_PAYMENT,,ATM,GROCERY,TND
efaa92cf-0e87-4370-ba67-be22f07d585d,OP-000266,209.81,2026-09-08,TRANSFER,IN,ATM,,TND
8b4318d7-b169-44ad-9bb1-a5d4dcc3848e,OP-000267,377.35,2026-08-17,DEPOSIT,,ATM,,TND
8b4318d7-b169-44ad-9bb1-a5d4dcc3848e,OP-000268,141.13,2026-09-07,CARD_PURCHASE,,ONLINE,GROCERY,TND
e6ee527b-2c1b-4a91-a493-714bb2bad56b,OP-000269,523.34,2026-09-20,SAVINGS,,POS,,EUR
e6ee527b-2c1b-4a91-a493-714bb2bad56b,OP-000270,401.03,2026-08-13,SAVINGS,,ATM,,TND
efaa92cf-0e87-4370-ba67-be22f07d585d,OP-000271,0,2026-08-26,PRODUCT_EVENT,,MOBILE_APP,,TND
8b4318d7-b169-44ad-9bb1-a5d4dcc3848e,OP-000272,22.63,2026-10-07,BILL_PAYMENT,,MOBILE_APP,,TND
2eb9fcac-f9f8-48bc-b186-3f087468dc42,OP-000273,268.99,2026-09-19,CARD_PURCHASE,,ATM,RESTAURANT,TND
2320cd15-2f4f-4184-a03f-31cce81b30f2,OP-000274,142.4,2026-10-06,CARD_PURCHASE,,MOBILE_APP,RETAIL,TND
16b627b5-bed0-421c-b04c-248716ba2757,OP-000275,326.61,2026-08-31,SAVINGS,,ATM,,TND
6c4c71c8-cf5d-436e-ad6e-6c2a47f0637f,OP-000276,294.97,2026-09-06,CARD_PURCHASE,,ONLINE,FOOD_DELIVERY,EUR
8b4318d7-b169-44ad-9bb1-a5d4dcc3848e,OP-000277,129.43,2026-08-19,ONLINE_PAYMENT,,ATM,E_COMMERCE,TND
e6ee527b-2c1b-4a91-a493-714bb2bad56b,OP-000278,0,2026-08-03,PRODUCT_EVENT,,ATM,,TND
16b627b5-bed0-421c-b04c-248716ba2757,OP-000279,143.24,2026-10-10,SAVINGS,,ONLINE,,TND
7e9308eb-2669-4dc5-a96d-b8bf509e4f87,OP-000280,139.21,2026-08-09,CARD_PURCHASE,,MOBILE_APP,FUEL,TND
2101db79-89a1-414b-9b37-351d9797701b,OP-000281,0,2026-09-19,PRODUCT_EVENT,,MOBILE_APP,,TND
2320cd15-2f4f-4184-a03f-31cce81b30f2,OP-000282,532.2,2026-10-10,DEPOSIT,,MOBILE_APP,,TND
6c4c71c8-cf5d-436e-ad6e-6c2a47f0637f,OP-000283,0,2026-08-23,PRODUCT_EVENT,,POS,,TND
d5aca640-a679-462e-ac8a-fc17aad46bae,OP-000284,77.93,2026-09-14,TRANSFER,IN,ATM,,TND
2101db79-89a1-414b-9b37-351d9797701b,OP-000285,223.44,2026-10-09,CARD_PURCHASE,,MOBILE_APP,FOOD_DELIVERY,TND
0aced6d2-4fe1-4787-b653-d3bf70a4c30e,OP-000286,233.76,2026-09-02,DEPOSIT,,MOBILE_APP,,TND
7ac599cc-ebe3-46c5-8f8f-8f2e29e57712,OP-000287,34.98,2026-08-13,TRANSFER,OUT,POS,,TND
1d7d8f22-0b82-43f0-a7d1-4feec5caaa97,OP-000288,107.06,2026-09-22,SAVINGS,,POS,,TND
caa48f29-3c8e-4100-81b5-bc72037a6324,OP-000289,203.7,2026-09-30,BILL_PAYMENT,,MOBILE_APP,,TND
e6ee527b-2c1b-4a91-a493-714bb2bad56b,OP-000290,56.18,2026-09-11,BILL_PAYMENT,,ONLINE,,TND
6c4c71c8-cf5d-436e-ad6e-6c2a47f0637f,OP-000291,180.83,2026-08-05,BILL_PAYMENT,,ONLINE,,TND
2eb9fcac-f9f8-48bc-b186-3f087468dc42,OP-000292,238.13,2026-10-07,BILL_PAYMENT,,POS,,TND
efaa92cf-0e87-4370-ba67-be22f07d585d,OP-000293,179.15,2026-10-06,ONLINE_PAYMENT,,ONLINE,RESTAURANT,TND
b9765fa3-eb6d-476d-b764-aea7af2b8717,OP-000294,165.81,2026-09-30,TRANSFER,IN,ATM,,EUR
0aced6d2-4fe1-4787-b653-d3bf70a4c30e,OP-000295,196.71,2026-09-12,CARD_PURCHASE,,POS,TELECOM,TND
8b4318d7-b169-44ad-9bb1-a5d4dcc3848e,OP-000296,50.29,2026-09-01,BILL_PAYMENT,,POS,,TND
2101db79-89a1-414b-9b37-351d9797701b,OP-000297,352.8,2026-08-02,SAVINGS,,MOBILE_APP,,TND
caa48f29-3c8e-4100-81b5-bc72037a6324,OP-000298,48.41,2026-08-22,BILL_PAYMENT,,POS,,EUR
caa48f29-3c8e-4100-81b5-bc72037a6324,OP-000299,145.91,2026-09-14,TRANSFER,IN,POS,,TND
1d7d8f22-0b82-43f0-a7d1-4feec5caaa97,OP-000300,250.29,2026-09-20,TRANSFER,IN,POS,,TND
caa48f29-3c8e-4100-81b5-bc72037a6324,OP-000301,390.41,2026-08-25,TRANSFER,IN,MOBILE_APP,,TND
023a65f7-7884-4f2c-805c-1b2cfdd790e8,OP-000302,201.84,2026-08-28,CARD_PURCHASE,,ONLINE,FOOD_DELIVERY,TND
db0c197a-9abf-446d-a292-f08378fe8df9,OP-000303,439.86,2026-10-14,SAVINGS,,MOBILE_APP,,TND
6c4c71c8-cf5d-436e-ad6e-6c2a47f0637f,OP-000304,143.28,2026-08-08,TRANSFER,OUT,ATM,,EUR
98ea3367-2331-4fba-8dcf-6a8d2475028a,OP-000305,350.88,2026-09-02,DEPOSIT,,ONLINE,,TND
6c4c71c8-cf5d-436e-ad6e-6c2a47f0637f,OP-000306,150.56,2026-09-26,DEPOSIT,,MOBILE_APP,,TND
caa48f29-3c8e-4100-81b5-bc72037a6324,OP-000307,178.61,2026-10-13,BILL_PAYMENT,,POS,,TND
2101db79-89a1-414b-9b37-351d9797701b,OP-000308,50.7,2026-08-18,BILL_PAYMENT,,ONLINE,,TND
caa48f29-3c8e-4100-81b5-bc72037a6324,OP-000309,210.71,2026-09-03,CARD_PURCHASE,,ATM,FOOD_DELIVERY,TND
1d7d8f22-0b82-43f0-a7d1-4feec5caaa97,OP-000310,429.03,2026-09-27,TRANSFER,OUT,MOBILE_APP,,TND
7e9308eb-2669-4dc5-a96d-b8bf509e4f87,OP-000311,278.86,2026-10-06,ONLINE_PAYMENT,,ATM,FOOD_DELIVERY,TND
2ecd0ce0-37ce-44b3-bb33-b0e719183e8a,OP-000312,170.55,2026-09-01,DEPOSIT,,ATM,,TND
46249a16-3043-4206-a6eb-10182dcb4257,OP-000313,67.59,2026-09-11,CARD_PURCHASE,,ONLINE,GROCERY,TND
0aced6d2-4fe1-4787-b653-d3bf70a4c30e,OP-000314,187.47,2026-08-01,ONLINE_PAYMENT,,ONLINE,FOOD_DELIVERY,TND
6c4c71c8-cf5d-436e-ad6e-6c2a47f0637f,OP-000315,271.57,2026-08-20,CARD_PURCHASE,,ATM,RESTAURANT,TND
8b4318d7-b169-44ad-9bb1-a5d4dcc3848e,OP-000316,126.82,2026-09-14,BILL_PAYMENT,,ATM,,TND
9e1cd179-232c-4848-b615-d36a7f8fea95,OP-000317,161.43,2026-09-09,DEPOSIT,,ATM,,TND
6c4c71c8-cf5d-436e-ad6e-6c2a47f0637f,OP-000318,79.58,2026-08-09,BILL_PAYMENT,,POS,,TND
db0c197a-9abf-446d-a292-f08378fe8df9,OP-000319,414.95,2026-09-18,DEPOSIT,,ATM,,TND
023a65f7-7884-4f2c-805c-1b2cfdd790e8,OP-000320,221.25,2026-10-07,CARD_PURCHASE,,MOBILE_APP,RESTAURANT,TND
0aced6d2-4fe1-4787-b653-d3bf70a4c30e,OP-000321,86.53,2026-08-03,ONLINE_PAYMENT,,MOBILE_APP,GROCERY,EUR
7e9308eb-2669-4dc5-a96d-b8bf509e4f87,OP-000322,110.61,2026-09-15,CARD_PURCHASE,,ATM,TELECOM,TND
caa48f29-3c8e-4100-81b5-bc72037a6324,OP-000323,0,2026-08-02,PRODUCT_EVENT,,POS,,TND
fc08d5f4-6b0a-400a-80c7-1e44b59a39a7,OP-000324,230.02,2026-08-13,ONLINE_PAYMENT,,MOBILE_APP,FUEL,EUR
8b4318d7-b169-44ad-9bb1-a5d4dcc3848e,OP-000325,76.19,2026-10-14,SAVINGS,,MOBILE_APP,,EUR
2eb9fcac-f9f8-48bc-b186-3f087468dc42,OP-000326,382.11,2026-10-05,ONLINE_PAYMENT,,ONLINE,RETAIL,TND
caa48f29-3c8e-4100-81b5-bc72037a6324,OP-000327,147.86,2026-08-28,TRANSFER,IN,MOBILE_APP,,TND
2ecd0ce0-37ce-44b3-bb33-b0e719183e8a,OP-000328,137.55,2026-09-11,ONLINE_PAYMENT,,ONLINE,FOOD_DELIVERY,TND
e6ee527b-2c1b-4a91-a493-714bb2bad56b,OP-000329,53.49,2026-10-02,DEPOSIT,,ATM,,TND
caa48f29-3c8e-4100-81b5-bc72037a6324,OP-000330,96.09,2026-09-30,DEPOSIT,,MOBILE_APP,,TND
2320cd15-2f4f-4184-a03f-31cce81b30f2,OP-000331,0,2026-09-19,PRODUCT_EVENT,,ONLINE,,TND
7ac599cc-ebe3-46c5-8f8f-8f2e29e57712,OP-000332,147.09,2026-08-27,BILL_PAYMENT,,ATM,,TND
8b4318d7-b169-44ad-9bb1-a5d4dcc3848e,OP-000333,479.67,2026-09-28,SAVINGS,,ATM,,TND
caa48f29-3c8e-4100-81b5-bc72037a6324,OP-000334,555.67,2026-10-02,SAVINGS,,ONLINE,,TND
7ac599cc-ebe3-46c5-8f8f-8f2e29e57712,OP-000335,0,2026-09-25,PRODUCT_EVENT,,MOBILE_APP,,TND
16b627b5-bed0-421c-b04c-248716ba2757,OP-000336,0,2026-08-29,PRODUCT_EVENT,,ATM,,TND
46249a16-3043-4206-a6eb-10182dcb4257,OP-000337,101,2026-08-16,CARD_PURCHASE,,MOBILE_APP,TELECOM,TND
efaa92cf-0e87-4370-ba67-be22f07d585d,OP-000338,0,2026-08-20,PRODUCT_EVENT,,ONLINE,,TND
1d7d8f22-0b82-43f0-a7d1-4feec5caaa97,OP-000339,30.22,2026-09-02,TRANSFER,OUT,POS,,TND
8b4318d7-b169-44ad-9bb1-a5d4dcc3848e,OP-000340,103.08,2026-09-17,DEPOSIT,,ATM,,TND
d5aca640-a679-462e-ac8a-fc17aad46bae,OP-000341,64.07,2026-08-29,DEPOSIT,,MOBILE_APP,,TND
2101db79-89a1-414b-9b37-351d9797701b,OP-000342,151.54,2026-09-10,CARD_PURCHASE,,POS,RETAIL,TND
fc08d5f4-6b0a-400a-80c7-1e44b59a39a7,OP-000343,154.84,2026-09-10,BILL_PAYMENT,,ONLINE,,TND
fc08d5f4-6b0a-400a-80c7-1e44b59a39a7,OP-000344,161.59,2026-08-08,DEPOSIT,,MOBILE_APP,,TND
2101db79-89a1-414b-9b37-351d9797701b,OP-000345,205.47,2026-09-13,DEPOSIT,,POS,,TND
efaa92cf-0e87-4370-ba67-be22f07d585d,OP-000346,560.91,2026-08-26,DEPOSIT,,ONLINE,,TND
e6ee527b-2c1b-4a91-a493-714bb2bad56b,OP-000347,0,2026-08-27,PRODUCT_EVENT,,POS,,TND
b9765fa3-eb6d-476d-b764-aea7af2b8717,OP-000348,328.73,2026-10-02,DEPOSIT,,ATM,,TND
2320cd15-2f4f-4184-a03f-31cce81b30f2,OP-000349,444.78,2026-08-16,DEPOSIT,,MOBILE_APP,,TND
2320cd15-2f4f-4184-a03f-31cce81b30f2,OP-000350,183.92,2026-08-04,SAVINGS,,ONLINE,,TND
2ecd0ce0-37ce-44b3-bb33-b0e719183e8a,OP-000351,574.44,2026-09-17,SAVINGS,,ONLINE,,EUR
fc08d5f4-6b0a-400a-80c7-1e44b59a39a7,OP-000352,358.6,2026-09-18,SAVINGS,,ATM,,TND
023a65f7-7884-4f2c-805c-1b2cfdd790e8,OP-000353,142.78,2026-09-07,ONLINE_PAYMENT,,POS,FOOD_DELIVERY,TND
46249a16-3043-4206-a6eb-10182dcb4257,OP-000354,0,2026-09-21,PRODUCT_EVENT,,ONLINE,,TND
efaa92cf-0e87-4370-ba67-be22f07d585d,OP-000355,222.52,2026-08-29,CARD_PURCHASE,,MOBILE_APP,RETAIL,EUR
db0c197a-9abf-446d-a292-f08378fe8df9,OP-000356,125.3,2026-09-07,TRANSFER,IN,MOBILE_APP,,TND
caa48f29-3c8e-4100-81b5-bc72037a6324,OP-000357,130.33,2026-08-14,TRANSFER,IN,POS,,TND
caa48f29-3c8e-4100-81b5-bc72037a6324,OP-000358,425.07,2026-08-15,SAVINGS,,ONLINE,,TND
efaa92cf-0e87-4370-ba67-be22f07d585d,OP-000359,477.62,2026-09-24,TRANSFER,IN,ATM,,TND
8b4318d7-b169-44ad-9bb1-a5d4dcc3848e,OP-000360,384.2,2026-09-11,SAVINGS,,ONLINE,,TND
2320cd15-2f4f-4184-a03f-31cce81b30f2,OP-000361,323.8,2026-10-02,TRANSFER,IN,ATM,,EUR
b9765fa3-eb6d-476d-b764-aea7af2b8717,OP-000362,277.6,2026-09-16,TRANSFER,IN,ONLINE,,TND
d5aca640-a679-462e-ac8a-fc17aad46bae,OP-000363,41.25,2026-10-02,ONLINE_PAYMENT,,ATM,RETAIL,TND
7ac599cc-ebe3-46c5-8f8f-8f2e29e57712,OP-000364,498.28,2026-10-04,TRANSFER,IN,ATM,,EUR
fc08d5f4-6b0a-400a-80c7-1e44b59a39a7,OP-000365,390.82,2026-09-19,ONLINE_PAYMENT,,ONLINE,FUEL,TND
b9765fa3-eb6d-476d-b764-aea7af2b8717,OP-000366,27.95,2026-09-08,SAVINGS,,MOBILE_APP,,TND
98ea3367-2331-4fba-8dcf-6a8d2475028a,OP-000367,36.19,2026-09-22,BILL_PAYMENT,,POS,,TND
2ecd0ce0-37ce-44b3-bb33-b0e719183e8a,OP-000368,252.71,2026-09-23,ONLINE_PAYMENT,,MOBILE_APP,E_COMMERCE,TND
6c4c71c8-cf5d-436e-ad6e-6c2a47f0637f,OP-000369,130.94,2026-09-10,ONLINE_PAYMENT,,POS,FUEL,TND
9e1cd179-232c-4848-b615-d36a7f8fea95,OP-000370,55.91,2026-09-29,ONLINE_PAYMENT,,ONLINE,RETAIL,EUR
8b4318d7-b169-44ad-9bb1-a5d4dcc3848e,OP-000371,391.23,2026-08-04,ONLINE_PAYMENT,,ATM,E_COMMERCE,TND
db0c197a-9abf-446d-a292-f08378fe8df9,OP-000372,166.92,2026-10-13,CARD_PURCHASE,,POS,TELECOM,TND
7e9308eb-2669-4dc5-a96d-b8bf509e4f87,OP-000373,71.31,2026-08-11,CARD_PURCHASE,,ONLINE,RETAIL,TND
e6ee527b-2c1b-4a91-a493-714bb2bad56b,OP-000374,0,2026-08-17,PRODUCT_EVENT,,POS,,TND
e6ee527b-2c1b-4a91-a493-714bb2bad56b,OP-000375,233.86,2026-08-30,BILL_PAYMENT,,MOBILE_APP,,TND
8b4318d7-b169-44ad-9bb1-a5d4dcc3848e,OP-000376,35.65,2026-09-17,BILL_PAYMENT,,ATM,,TND
1d7d8f22-0b82-43f0-a7d1-4feec5caaa97,OP-000377,418.56,2026-08-23,SAVINGS,,POS,,TND
fc08d5f4-6b0a-400a-80c7-1e44b59a39a7,OP-000378,454.86,2026-08-26,SAVINGS,,ATM,,EUR
b9765fa3-eb6d-476d-b764-aea7af2b8717,OP-000379,0,2026-09-22,PRODUCT_EVENT,,POS,,TND
2ecd0ce0-37ce-44b3-bb33-b0e719183e8a,OP-000380,124.78,2026-08-22,BILL_PAYMENT,,POS,,TND
2eb9fcac-f9f8-48bc-b186-3f087468dc42,OP-000381,250.71,2026-08-03,DEPOSIT,,ONLINE,,EUR
2ecd0ce0-37ce-44b3-bb33-b0e719183e8a,OP-000382,50.81,2026-08-27,CARD_PURCHASE,,POS,E_COMMERCE,EUR
8b4318d7-b169-44ad-9bb1-a5d4dcc3848e,OP-000383,0,2026-08-30,PRODUCT_EVENT,,ONLINE,,TND
9e1cd179-232c-4848-b615-d36a7f8fea95,OP-000384,123.14,2026-09-29,SAVINGS,,MOBILE_APP,,TND
efaa92cf-0e87-4370-ba67-be22f07d585d,OP-000385,353.08,2026-08-17,TRANSFER,IN,POS,,TND
16b627b5-bed0-421c-b04c-248716ba2757,OP-000386,444.52,2026-08-15,SAVINGS,,POS,,TND
d5aca640-a679-462e-ac8a-fc17aad46bae,OP-000387,325.38,2026-09-20,ONLINE_PAYMENT,,ATM,FOOD_DELIVERY,TND
e6ee527b-2c1b-4a91-a493-714bb2bad56b,OP-000388,120.45,2026-08-07,ONLINE_PAYMENT,,ONLINE,E_COMMERCE,TND
98ea3367-2331-4fba-8dcf-6a8d2475028a,OP-000389,0,2026-10-05,PRODUCT_EVENT,,POS,,TND
b9765fa3-eb6d-476d-b764-aea7af2b8717,OP-000390,327.97,2026-08-11,TRANSFER,IN,MOBILE_APP,,TND
caa48f29-3c8e-4100-81b5-bc72037a6324,OP-000391,108.45,2026-09-20,SAVINGS,,ATM,,TND
e6ee527b-2c1b-4a91-a493-714bb2bad56b,OP-000392,315.95,2026-10-10,DEPOSIT,,POS,,TND
1d7d8f22-0b82-43f0-a7d1-4feec5caaa97,OP-000393,374.4,2026-09-05,ONLINE_PAYMENT,,ATM,TELECOM,TND
16b627b5-bed0-421c-b04c-248716ba2757,OP-000394,310.26,2026-09-24,SAVINGS,,POS,,TND
1d7d8f22-0b82-43f0-a7d1-4feec5caaa97,OP-000395,271.47,2026-08-25,TRANSFER,IN,ONLINE,,TND
7e9308eb-2669-4dc5-a96d-b8bf509e4f87,OP-000396,243.96,2026-08-09,BILL_PAYMENT,,POS,,EUR
1d7d8f22-0b82-43f0-a7d1-4feec5caaa97,OP-000397,290.76,2026-10-07,SAVINGS,,POS,,EUR
2320cd15-2f4f-4184-a03f-31cce81b30f2,OP-000398,17.28,2026-08-01,TRANSFER,IN,ATM,,TND
e6ee527b-2c1b-4a91-a493-714bb2bad56b,OP-000399,123.36,2026-10-05,BILL_PAYMENT,,ATM,,TND
6c4c71c8-cf5d-436e-ad6e-6c2a47f0637f,OP-000400,121.98,2026-10-03,CARD_PURCHASE,,ONLINE,GROCERY,TND
d5aca640-a679-462e-ac8a-fc17aad46bae,OP-000401,118.97,2026-10-05,BILL_PAYMENT,,ONLINE,,TND
2ecd0ce0-37ce-44b3-bb33-b0e719183e8a,OP-000402,0,2026-08-10,PRODUCT_EVENT,,ATM,,TND
6c4c71c8-cf5d-436e-ad6e-6c2a47f0637f,OP-000403,130.24,2026-09-23,BILL_PAYMENT,,ONLINE,,TND
b9765fa3-eb6d-476d-b764-aea7af2b8717,OP-000404,137.7,2026-08-18,BILL_PAYMENT,,ATM,,TND
2eb9fcac-f9f8-48bc-b186-3f087468dc42,OP-000405,153.11,2026-08-21,CARD_PURCHASE,,POS,RESTAURANT,TND
1d7d8f22-0b82-43f0-a7d1-4feec5caaa97,OP-000406,522.65,2026-09-07,DEPOSIT,,MOBILE_APP,,TND
caa48f29-3c8e-4100-81b5-bc72037a6324,OP-000407,293.49,2026-08-27,ONLINE_PAYMENT,,MOBILE_APP,TELECOM,TND
46249a16-3043-4206-a6eb-10182dcb4257,OP-000408,406.53,2026-10-12,SAVINGS,,POS,,TND
46249a16-3043-4206-a6eb-10182dcb4257,OP-000409,173.96,2026-08-18,SAVINGS,,MOBILE_APP,,EUR
caa48f29-3c8e-4100-81b5-bc72037a6324,OP-000410,0,2026-08-02,PRODUCT_EVENT,,ONLINE,,TND
8b4318d7-b169-44ad-9bb1-a5d4dcc3848e,OP-000411,151.64,2026-08-27,ONLINE_PAYMENT,,POS,RESTAURANT,TND
6c4c71c8-cf5d-436e-ad6e-6c2a47f0637f,OP-000412,69.73,2026-10-12,BILL_PAYMENT,,ATM,,TND
b9765fa3-eb6d-476d-b764-aea7af2b8717,OP-000413,256.81,2026-08-30,DEPOSIT,,ONLINE,,TND
e6ee527b-2c1b-4a91-a493-714bb2bad56b,OP-000414,0,2026-09-01,PRODUCT_EVENT,,ONLINE,,TND
7ac599cc-ebe3-46c5-8f8f-8f2e29e57712,OP-000415,126.54,2026-09-07,SAVINGS,,MOBILE_APP,,TND
db0c197a-9abf-446d-a292-f08378fe8df9,OP-000416,21.95,2026-09-14,SAVINGS,,MOBILE_APP,,TND
db0c197a-9abf-446d-a292-f08378fe8df9,OP-000417,0,2026-08-09,PRODUCT_EVENT,,ONLINE,,TND
b9765fa3-eb6d-476d-b764-aea7af2b8717,OP-000418,0,2026-10-10,PRODUCT_EVENT,,ATM,,TND
2320cd15-2f4f-4184-a03f-31cce81b30f2,OP-000419,0,2026-09-29,PRODUCT_EVENT,,MOBILE_APP,,TND
8b4318d7-b169-44ad-9bb1-a5d4dcc3848e,OP-000420,172.48,2026-09-05,TRANSFER,OUT,ATM,,TND
e6ee527b-2c1b-4a91-a493-714bb2bad56b,OP-000421,31.66,2026-10-11,SAVINGS,,ATM,,TND
7e9308eb-2669-4dc5-a96d-b8bf509e4f87,OP-000422,34.05,2026-08-15,DEPOSIT,,ONLINE,,TND
46249a16-3043-4206-a6eb-10182dcb4257,OP-000423,193.15,2026-08-28,BILL_PAYMENT,,ONLINE,,TND
7e9308eb-2669-4dc5-a96d-b8bf509e4f87,OP-000424,143.95,2026-08-23,BILL_PAYMENT,,POS,,TND
caa48f29-3c8e-4100-81b5-bc72037a6324,OP-000425,532.72,2026-09-05,SAVINGS,,ONLINE,,TND
7e9308eb-2669-4dc5-a96d-b8bf509e4f87,OP-000426,305.91,2026-09-11,ONLINE_PAYMENT,,ATM,RETAIL,TND
7ac599cc-ebe3-46c5-8f8f-8f2e29e57712,OP-000427,184,2026-08-20,DEPOSIT,,ONLINE,,TND
b9765fa3-eb6d-476d-b764-aea7af2b8717,OP-000428,71.03,2026-08-10,ONLINE_PAYMENT,,ONLINE,GROCERY,TND
efaa92cf-0e87-4370-ba67-be22f07d585d,OP-000429,82.15,2026-08-27,CARD_PURCHASE,,POS,RETAIL,EUR
0aced6d2-4fe1-4787-b653-d3bf70a4c30e,OP-000430,0,2026-09-18,PRODUCT_EVENT,,MOBILE_APP,,TND
9e1cd179-232c-4848-b615-d36a7f8fea95,OP-000431,333.8,2026-09-10,ONLINE_PAYMENT,,ATM,FUEL,TND
023a65f7-7884-4f2c-805c-1b2cfdd790e8,OP-000432,141.67,2026-09-07,SAVINGS,,MOBILE_APP,,TND
7ac599cc-ebe3-46c5-8f8f-8f2e29e57712,OP-000433,208.03,2026-09-25,CARD_PURCHASE,,ONLINE,GROCERY,TND
d5aca640-a679-462e-ac8a-fc17aad46bae,OP-000434,131.61,2026-08-05,BILL_PAYMENT,,ATM,,TND
4c056708-a89d-4649-aec7-069be9505175,OP-000435,93.86,2026-08-01,ONLINE_PAYMENT,,ONLINE,GROCERY,TND
2320cd15-2f4f-4184-a03f-31cce81b30f2,OP-000436,347.19,2026-10-02,TRANSFER,OUT,MOBILE_APP,,TND
98ea3367-2331-4fba-8dcf-6a8d2475028a,OP-000437,111.52,2026-09-30,SAVINGS,,POS,,TND
efaa92cf-0e87-4370-ba67-be22f07d585d,OP-000438,523.65,2026-09-15,SAVINGS,,POS,,TND
8b4318d7-b169-44ad-9bb1-a5d4dcc3848e,OP-000439,190.97,2026-08-01,TRANSFER,IN,POS,,EUR
caa48f29-3c8e-4100-81b5-bc72037a6324,OP-000440,217.46,2026-09-26,CARD_PURCHASE,,ATM,RESTAURANT,TND
2101db79-89a1-414b-9b37-351d9797701b,OP-000441,129.28,2026-08-18,ONLINE_PAYMENT,,MOBILE_APP,FOOD_DELIVERY,TND
023a65f7-7884-4f2c-805c-1b2cfdd790e8,OP-000442,44.1,2026-08-28,ONLINE_PAYMENT,,ONLINE,FUEL,TND
caa48f29-3c8e-4100-81b5-bc72037a6324,OP-000443,29.25,2026-09-27,BILL_PAYMENT,,POS,,TND
2ecd0ce0-37ce-44b3-bb33-b0e719183e8a,OP-000444,0,2026-08-02,PRODUCT_EVENT,,ATM,,TND
4c056708-a89d-4649-aec7-069be9505175,OP-000445,265.42,2026-08-04,CARD_PURCHASE,,POS,FOOD_DELIVERY,EUR
fc08d5f4-6b0a-400a-80c7-1e44b59a39a7,OP-000446,287.81,2026-09-13,CARD_PURCHASE,,POS,FOOD_DELIVERY,TND
0aced6d2-4fe1-4787-b653-d3bf70a4c30e,OP-000447,144.03,2026-08-08,SAVINGS,,MOBILE_APP,,TND
db0c197a-9abf-446d-a292-f08378fe8df9,OP-000448,137.5,2026-08-02,ONLINE_PAYMENT,,ATM,TELECOM,TND
2eb9fcac-f9f8-48bc-b186-3f087468dc42,OP-000449,155.98,2026-08-25,ONLINE_PAYMENT,,ONLINE,TELECOM,TND
4c056708-a89d-4649-aec7-069be9505175,OP-000450,84.8,2026-09-08,ONLINE_PAYMENT,,ATM,RESTAURANT,TND
46249a16-3043-4206-a6eb-10182dcb4257,OP-000451,374.7,2026-10-09,DEPOSIT,,ONLINE,,TND
caa48f29-3c8e-4100-81b5-bc72037a6324,OP-000452,346.57,2026-09-03,ONLINE_PAYMENT,,POS,FOOD_DELIVERY,TND
98ea3367-2331-4fba-8dcf-6a8d2475028a,OP-000453,0,2026-08-19,PRODUCT_EVENT,,ONLINE,,TND
1d7d8f22-0b82-43f0-a7d1-4feec5caaa97,OP-000454,0,2026-10-14,PRODUCT_EVENT,,ONLINE,,TND
d5aca640-a679-462e-ac8a-fc17aad46bae,OP-000455,372.04,2026-08-09,DEPOSIT,,ONLINE,,TND
9e1cd179-232c-4848-b615-d36a7f8fea95,OP-000456,418.98,2026-08-08,DEPOSIT,,ONLINE,,TND
0aced6d2-4fe1-4787-b653-d3bf70a4c30e,OP-000457,0,2026-09-04,PRODUCT_EVENT,,POS,,TND
b9765fa3-eb6d-476d-b764-aea7af2b8717,OP-000458,486.59,2026-08-04,DEPOSIT,,ATM,,TND
023a65f7-7884-4f2c-805c-1b2cfdd790e8,OP-000459,184.48,2026-08-17,BILL_PAYMENT,,POS,,TND
16b627b5-bed0-421c-b04c-248716ba2757,OP-000460,146.34,2026-10-08,ONLINE_PAYMENT,,ATM,RESTAURANT,TND
b9765fa3-eb6d-476d-b764-aea7af2b8717,OP-000461,0,2026-09-30,PRODUCT_EVENT,,ONLINE,,TND
caa48f29-3c8e-4100-81b5-bc72037a6324,OP-000462,87.43,2026-08-09,BILL_PAYMENT,,ATM,,TND
98ea3367-2331-4fba-8dcf-6a8d2475028a,OP-000463,60.18,2026-10-05,ONLINE_PAYMENT,,ONLINE,E_COMMERCE,TND
7ac599cc-ebe3-46c5-8f8f-8f2e29e57712,OP-000464,0,2026-08-17,PRODUCT_EVENT,,ATM,,TND
2101db79-89a1-414b-9b37-351d9797701b,OP-000465,190.01,2026-08-21,DEPOSIT,,MOBILE_APP,,TND
7ac599cc-ebe3-46c5-8f8f-8f2e29e57712,OP-000466,0,2026-08-09,PRODUCT_EVENT,,POS,,TND
4c056708-a89d-4649-aec7-069be9505175,OP-000467,137.98,2026-09-08,TRANSFER,IN,ATM,,TND
2320cd15-2f4f-4184-a03f-31cce81b30f2,OP-000468,475.58,2026-08-17,SAVINGS,,MOBILE_APP,,EUR
98ea3367-2331-4fba-8dcf-6a8d2475028a,OP-000469,236.79,2026-08-26,CARD_PURCHASE,,ATM,FUEL,TND
9e1cd179-232c-4848-b615-d36a7f8fea95,OP-000470,158.62,2026-10-11,BILL_PAYMENT,,ATM,,EUR
2101db79-89a1-414b-9b37-351d9797701b,OP-000471,273.21,2026-10-10,SAVINGS,,POS,,TND
1d7d8f22-0b82-43f0-a7d1-4feec5caaa97,OP-000472,427.62,2026-08-02,DEPOSIT,,ONLINE,,TND
7ac599cc-ebe3-46c5-8f8f-8f2e29e57712,OP-000473,572.12,2026-09-03,SAVINGS,,MOBILE_APP,,TND
9e1cd179-232c-4848-b615-d36a7f8fea95,OP-000474,247.06,2026-09-13,ONLINE_PAYMENT,,MOBILE_APP,E_COMMERCE,TND
0aced6d2-4fe1-4787-b653-d3bf70a4c30e,OP-000475,196.01,2026-10-13,BILL_PAYMENT,,ATM,,TND
d5aca640-a679-462e-ac8a-fc17aad46bae,OP-000476,126.33,2026-10-01,DEPOSIT,,POS,,TND
db0c197a-9abf-446d-a292-f08378fe8df9,OP-000477,192.14,2026-08-25,TRANSFER,OUT,ONLINE,,TND
2eb9fcac-f9f8-48bc-b186-3f087468dc42,OP-000478,566.43,2026-08-19,SAVINGS,,ATM,,TND
98ea3367-2331-4fba-8dcf-6a8d2475028a,OP-000479,295.8,2026-09-24,CARD_PURCHASE,,ONLINE,RESTAURANT,TND
023a65f7-7884-4f2c-805c-1b2cfdd790e8,OP-000480,373.65,2026-08-26,ONLINE_PAYMENT,,ONLINE,TELECOM,TND
2eb9fcac-f9f8-48bc-b186-3f087468dc42,OP-000481,175.58,2026-08-30,ONLINE_PAYMENT,,ONLINE,FOOD_DELIVERY,TND
b9765fa3-eb6d-476d-b764-aea7af2b8717,OP-000482,312.78,2026-08-26,DEPOSIT,,ONLINE,,TND
9e1cd179-232c-4848-b615-d36a7f8fea95,OP-000483,0,2026-08-07,PRODUCT_EVENT,,ONLINE,,TND
d5aca640-a679-462e-ac8a-fc17aad46bae,OP-000484,271.96,2026-09-21,CARD_PURCHASE,,MOBILE_APP,RESTAURANT,TND
8b4318d7-b169-44ad-9bb1-a5d4dcc3848e,OP-000485,209.04,2026-08-09,BILL_PAYMENT,,POS,,TND
9e1cd179-232c-4848-b615-d36a7f8fea95,OP-000486,112.02,2026-10-13,TRANSFER,OUT,ONLINE,,TND
d5aca640-a679-462e-ac8a-fc17aad46bae,OP-000487,24.2,2026-09-18,TRANSFER,OUT,MOBILE_APP,,TND
2101db79-89a1-414b-9b37-351d9797701b,OP-000488,53.56,2026-08-23,DEPOSIT,,POS,,TND
4c056708-a89d-4649-aec7-069be9505175,OP-000489,397.21,2026-09-10,SAVINGS,,ATM,,TND
2101db79-89a1-414b-9b37-351d9797701b,OP-000490,258.77,2026-08-12,DEPOSIT,,ATM,,TND
16b627b5-bed0-421c-b04c-248716ba2757,OP-000491,73.95,2026-09-24,CARD_PURCHASE,,MOBILE_APP,FOOD_DELIVERY,TND
caa48f29-3c8e-4100-81b5-bc72037a6324,OP-000492,70.33,2026-10-08,BILL_PAYMENT,,POS,,TND
98ea3367-2331-4fba-8dcf-6a8d2475028a,OP-000493,406.32,2026-08-18,TRANSFER,OUT,ATM,,TND
2ecd0ce0-37ce-44b3-bb33-b0e719183e8a,OP-000494,137.99,2026-08-21,ONLINE_PAYMENT,,MOBILE_APP,TELECOM,TND
2eb9fcac-f9f8-48bc-b186-3f087468dc42,OP-000495,0,2026-08-31,PRODUCT_EVENT,,POS,,TND
46249a16-3043-4206-a6eb-10182dcb4257,OP-000496,85.21,2026-10-04,CARD_PURCHASE,,POS,GROCERY,TND
2eb9fcac-f9f8-48bc-b186-3f087468dc42,OP-000497,277.43,2026-09-22,SAVINGS,,POS,,TND
2ecd0ce0-37ce-44b3-bb33-b0e719183e8a,OP-000498,187.65,2026-09-07,DEPOSIT,,ONLINE,,TND
6c4c71c8-cf5d-436e-ad6e-6c2a47f0637f,OP-000499,0,2026-08-31,PRODUCT_EVENT,,MOBILE_APP,,TND
8b4318d7-b169-44ad-9bb1-a5d4dcc3848e,OP-000500,349.45,2026-08-30,TRANSFER,IN,ONLINE,,TND
db0c197a-9abf-446d-a292-f08378fe8df9,OP-000501,493.38,2026-10-11,DEPOSIT,,MOBILE_APP,,EUR
efaa92cf-0e87-4370-ba67-be22f07d585d,OP-000502,250.17,2026-08-21,DEPOSIT,,ATM,,TND
efaa92cf-0e87-4370-ba67-be22f07d585d,OP-000503,122.84,2026-10-01,BILL_PAYMENT,,POS,,TND
9e1cd179-232c-4848-b615-d36a7f8fea95,OP-000504,145.76,2026-09-01,DEPOSIT,,ATM,,TND
db0c197a-9abf-446d-a292-f08378fe8df9,OP-000505,0,2026-09-17,PRODUCT_EVENT,,POS,,TND
caa48f29-3c8e-4100-81b5-bc72037a6324,OP-000506,167.84,2026-09-26,CARD_PURCHASE,,ATM,RETAIL,TND
e6ee527b-2c1b-4a91-a493-714bb2bad56b,OP-000507,403.87,2026-08-14,DEPOSIT,,POS,,TND
2101db79-89a1-414b-9b37-351d9797701b,OP-000508,0,2026-09-05,PRODUCT_EVENT,,POS,,TND
8b4318d7-b169-44ad-9bb1-a5d4dcc3848e,OP-000509,366.75,2026-10-12,TRANSFER,IN,ATM,,TND
7e9308eb-2669-4dc5-a96d-b8bf509e4f87,OP-000510,68.52,2026-08-16,DEPOSIT,,POS,,TND
2ecd0ce0-37ce-44b3-bb33-b0e719183e8a,OP-000511,366.38,2026-09-03,SAVINGS,,MOBILE_APP,,TND
efaa92cf-0e87-4370-ba67-be22f07d585d,OP-000512,381.49,2026-08-27,TRANSFER,IN,ATM,,TND
8b4318d7-b169-44ad-9bb1-a5d4dcc3848e,OP-000513,136.73,2026-09-30,BILL_PAYMENT,,ATM,,TND
7ac599cc-ebe3-46c5-8f8f-8f2e29e57712,OP-000514,47.03,2026-09-19,CARD_PURCHASE,,MOBILE_APP,FOOD_DELIVERY,TND
46249a16-3043-4206-a6eb-10182dcb4257,OP-000515,373,2026-08-22,ONLINE_PAYMENT,,POS,RESTAURANT,TND
caa48f29-3c8e-4100-81b5-bc72037a6324,OP-000516,55.43,2026-08-10,BILL_PAYMENT,,POS,,TND
2eb9fcac-f9f8-48bc-b186-3f087468dc42,OP-000517,458.41,2026-08-15,TRANSFER,IN,MOBILE_APP,,EUR
9e1cd179-232c-4848-b615-d36a7f8fea95,OP-000518,122.65,2026-08-18,CARD_PURCHASE,,POS,FOOD_DELIVERY,TND
7ac599cc-ebe3-46c5-8f8f-8f2e29e57712,OP-000519,56.57,2026-10-04,CARD_PURCHASE,,MOBILE_APP,E_COMMERCE,TND
023a65f7-7884-4f2c-805c-1b2cfdd790e8,OP-000520,260.33,2026-08-10,CARD_PURCHASE,,ONLINE,GROCERY,EUR
7ac599cc-ebe3-46c5-8f8f-8f2e29e57712,OP-000521,171.54,2026-09-07,TRANSFER,OUT,ATM,,EUR
e6ee527b-2c1b-4a91-a493-714bb2bad56b,OP-000522,209.46,2026-09-25,BILL_PAYMENT,,ONLINE,,TND
e6ee527b-2c1b-4a91-a493-714bb2bad56b,OP-000523,252.21,2026-09-21,CARD_PURCHASE,,ATM,FOOD_DELIVERY,TND
7e9308eb-2669-4dc5-a96d-b8bf509e4f87,OP-000524,504.55,2026-09-11,DEPOSIT,,MOBILE_APP,,TND
98ea3367-2331-4fba-8dcf-6a8d2475028a,OP-000525,51.91,2026-09-13,CARD_PURCHASE,,POS,E_COMMERCE,TND
1d7d8f22-0b82-43f0-a7d1-4feec5caaa97,OP-000526,585.7,2026-08-01,DEPOSIT,,MOBILE_APP,,TND
e6ee527b-2c1b-4a91-a493-714bb2bad56b,OP-000527,252.27,2026-08-09,DEPOSIT,,ATM,,TND
e6ee527b-2c1b-4a91-a493-714bb2bad56b,OP-000528,0,2026-09-28,PRODUCT_EVENT,,POS,,TND
2101db79-89a1-414b-9b37-351d9797701b,OP-000529,92.43,2026-09-24,CARD_PURCHASE,,MOBILE_APP,GROCERY,EUR
023a65f7-7884-4f2c-805c-1b2cfdd790e8,OP-000530,429.85,2026-09-01,TRANSFER,OUT,MOBILE_APP,,TND
16b627b5-bed0-421c-b04c-248716ba2757,OP-000531,197.07,2026-08-14,BILL_PAYMENT,,ONLINE,,TND
2101db79-89a1-414b-9b37-351d9797701b,OP-000532,367.26,2026-10-04,TRANSFER,IN,ONLINE,,TND
2ecd0ce0-37ce-44b3-bb33-b0e719183e8a,OP-000533,75.86,2026-09-19,BILL_PAYMENT,,POS,,TND
1d7d8f22-0b82-43f0-a7d1-4feec5caaa97,OP-000534,72.11,2026-09-25,SAVINGS,,POS,,TND
2eb9fcac-f9f8-48bc-b186-3f087468dc42,OP-000535,105.1,2026-08-31,SAVINGS,,ATM,,TND
16b627b5-bed0-421c-b04c-248716ba2757,OP-000536,8.29,2026-08-17,CARD_PURCHASE,,POS,TELECOM,TND
db0c197a-9abf-446d-a292-f08378fe8df9,OP-000537,208.25,2026-09-27,BILL_PAYMENT,,ONLINE,,TND
98ea3367-2331-4fba-8dcf-6a8d2475028a,OP-000538,499.85,2026-09-18,SAVINGS,,ONLINE,,TND
9e1cd179-232c-4848-b615-d36a7f8fea95,OP-000539,240.65,2026-08-26,SAVINGS,,POS,,TND
0aced6d2-4fe1-4787-b653-d3bf70a4c30e,OP-000540,504.64,2026-08-18,SAVINGS,,ONLINE,,TND
d5aca640-a679-462e-ac8a-fc17aad46bae,OP-000541,194.74,2026-08-17,SAVINGS,,POS,,TND
9e1cd179-232c-4848-b615-d36a7f8fea95,OP-000542,9.97,2026-10-03,CARD_PURCHASE,,ATM,TELECOM,TND
023a65f7-7884-4f2c-805c-1b2cfdd790e8,OP-000543,0,2026-08-29,PRODUCT_EVENT,,ONLINE,,TND
2320cd15-2f4f-4184-a03f-31cce81b30f2,OP-000544,47.76,2026-08-04,CARD_PURCHASE,,MOBILE_APP,TELECOM,TND
8b4318d7-b169-44ad-9bb1-a5d4dcc3848e,OP-000545,286.94,2026-08-26,TRANSFER,IN,POS,,TND
0aced6d2-4fe1-4787-b653-d3bf70a4c30e,OP-000546,87.37,2026-08-01,CARD_PURCHASE,,ONLINE,FUEL,TND
0aced6d2-4fe1-4787-b653-d3bf70a4c30e,OP-000547,487.9,2026-08-05,TRANSFER,OUT,ATM,,TND
98ea3367-2331-4fba-8dcf-6a8d2475028a,OP-000548,387.69,2026-09-20,TRANSFER,IN,POS,,TND
b9765fa3-eb6d-476d-b764-aea7af2b8717,OP-000549,527.77,2026-09-25,DEPOSIT,,ATM,,TND
2eb9fcac-f9f8-48bc-b186-3f087468dc42,OP-000550,548.17,2026-08-24,SAVINGS,,ONLINE,,TND
7e9308eb-2669-4dc5-a96d-b8bf509e4f87,OP-000551,155.51,2026-09-15,CARD_PURCHASE,,MOBILE_APP,E_COMMERCE,TND
98ea3367-2331-4fba-8dcf-6a8d2475028a,OP-000552,93.52,2026-10-10,ONLINE_PAYMENT,,ATM,FOOD_DELIVERY,TND
1d7d8f22-0b82-43f0-a7d1-4feec5caaa97,OP-000553,194.6,2026-10-08,TRANSFER,IN,MOBILE_APP,,TND
0aced6d2-4fe1-4787-b653-d3bf70a4c30e,OP-000554,370.88,2026-08-07,ONLINE_PAYMENT,,MOBILE_APP,TELECOM,TND
2101db79-89a1-414b-9b37-351d9797701b,OP-000555,0,2026-08-24,PRODUCT_EVENT,,MOBILE_APP,,TND
6c4c71c8-cf5d-436e-ad6e-6c2a47f0637f,OP-000556,186.46,2026-09-21,ONLINE_PAYMENT,,ONLINE,RESTAURANT,TND
2ecd0ce0-37ce-44b3-bb33-b0e719183e8a,OP-000557,0,2026-09-21,PRODUCT_EVENT,,POS,,TND
6c4c71c8-cf5d-436e-ad6e-6c2a47f0637f,OP-000558,462.47,2026-09-25,SAVINGS,,ATM,,TND
efaa92cf-0e87-4370-ba67-be22f07d585d,OP-000559,459.56,2026-08-12,DEPOSIT,,ATM,,TND
caa48f29-3c8e-4100-81b5-bc72037a6324,OP-000560,0,2026-08-03,PRODUCT_EVENT,,ATM,,TND
db0c197a-9abf-446d-a292-f08378fe8df9,OP-000561,0,2026-09-01,PRODUCT_EVENT,,MOBILE_APP,,TND
023a65f7-7884-4f2c-805c-1b2cfdd790e8,OP-000562,318.77,2026-10-07,DEPOSIT,,ATM,,TND
d5aca640-a679-462e-ac8a-fc17aad46bae,OP-000563,499.85,2026-08-14,TRANSFER,OUT,POS,,TND
9e1cd179-232c-4848-b615-d36a7f8fea95,OP-000564,144.18,2026-09-23,BILL_PAYMENT,,MOBILE_APP,,TND
2101db79-89a1-414b-9b37-351d9797701b,OP-000565,298.39,2026-08-30,TRANSFER,IN,MOBILE_APP,,TND
db0c197a-9abf-446d-a292-f08378fe8df9,OP-000566,74.48,2026-08-07,BILL_PAYMENT,,ONLINE,,TND
2101db79-89a1-414b-9b37-351d9797701b,OP-000567,203.6,2026-08-14,CARD_PURCHASE,,ONLINE,TELECOM,TND
023a65f7-7884-4f2c-805c-1b2cfdd790e8,OP-000568,178.09,2026-10-07,BILL_PAYMENT,,MOBILE_APP,,TND
efaa92cf-0e87-4370-ba67-be22f07d585d,OP-000569,0,2026-08-07,PRODUCT_EVENT,,ATM,,TND
d5aca640-a679-462e-ac8a-fc17aad46bae,OP-000570,304.82,2026-09-27,SAVINGS,,ONLINE,,EUR
46249a16-3043-4206-a6eb-10182dcb4257,OP-000571,326.02,2026-08-24,TRANSFER,IN,ATM,,TND
023a65f7-7884-4f2c-805c-1b2cfdd790e8,OP-000572,295.2,2026-08-12,DEPOSIT,,ONLINE,,TND
e6ee527b-2c1b-4a91-a493-714bb2bad56b,OP-000573,31.02,2026-09-12,CARD_PURCHASE,,ONLINE,FUEL,TND
0aced6d2-4fe1-4787-b653-d3bf70a4c30e,OP-000574,207.29,2026-09-13,BILL_PAYMENT,,POS,,TND
7e9308eb-2669-4dc5-a96d-b8bf509e4f87,OP-000575,0,2026-09-19,PRODUCT_EVENT,,ONLINE,,TND
98ea3367-2331-4fba-8dcf-6a8d2475028a,OP-000576,0,2026-10-07,PRODUCT_EVENT,,POS,,TND
fc08d5f4-6b0a-400a-80c7-1e44b59a39a7,OP-000577,39.84,2026-08-02,BILL_PAYMENT,,POS,,TND
2eb9fcac-f9f8-48bc-b186-3f087468dc42,OP-000578,253.62,2026-08-11,DEPOSIT,,MOBILE_APP,,TND
2101db79-89a1-414b-9b37-351d9797701b,OP-000579,259.03,2026-09-12,CARD_PURCHASE,,ONLINE,RESTAURANT,TND
46249a16-3043-4206-a6eb-10182dcb4257,OP-000580,165.69,2026-09-01,ONLINE_PAYMENT,,ONLINE,FUEL,TND
46249a16-3043-4206-a6eb-10182dcb4257,OP-000581,46.64,2026-08-24,BILL_PAYMENT,,ONLINE,,TND
023a65f7-7884-4f2c-805c-1b2cfdd790e8,OP-000582,388.43,2026-08-19,ONLINE_PAYMENT,,ATM,RETAIL,TND
b9765fa3-eb6d-476d-b764-aea7af2b8717,OP-000583,295.9,2026-09-17,DEPOSIT,,ONLINE,,TND
46249a16-3043-4206-a6eb-10182dcb4257,OP-000584,0,2026-08-29,PRODUCT_EVENT,,ATM,,TND
e6ee527b-2c1b-4a91-a493-714bb2bad56b,OP-000585,248.18,2026-10-10,ONLINE_PAYMENT,,MOBILE_APP,GROCERY,EUR
023a65f7-7884-4f2c-805c-1b2cfdd790e8,OP-000586,250.26,2026-08-05,CARD_PURCHASE,,ATM,RETAIL,TND
1d7d8f22-0b82-43f0-a7d1-4feec5caaa97,OP-000587,588.64,2026-09-11,SAVINGS,,ATM,,TND
caa48f29-3c8e-4100-81b5-bc72037a6324,OP-000588,140.96,2026-10-12,BILL_PAYMENT,,MOBILE_APP,,TND
8b4318d7-b169-44ad-9bb1-a5d4dcc3848e,OP-000589,534.17,2026-09-12,SAVINGS,,POS,,TND
e6ee527b-2c1b-4a91-a493-714bb2bad56b,OP-000590,94.51,2026-09-23,CARD_PURCHASE,,ATM,FUEL,TND
b9765fa3-eb6d-476d-b764-aea7af2b8717,OP-000591,399.24,2026-10-14,ONLINE_PAYMENT,,MOBILE_APP,RESTAURANT,EUR
2ecd0ce0-37ce-44b3-bb33-b0e719183e8a,OP-000592,311.76,2026-08-07,DEPOSIT,,ATM,,TND
4c056708-a89d-4649-aec7-069be9505175,OP-000593,25.1,2026-08-12,CARD_PURCHASE,,ATM,E_COMMERCE,TND
0aced6d2-4fe1-4787-b653-d3bf70a4c30e,OP-000594,0,2026-09-16,PRODUCT_EVENT,,POS,,TND
7ac599cc-ebe3-46c5-8f8f-8f2e29e57712,OP-000595,574,2026-09-25,DEPOSIT,,MOBILE_APP,,TND
0aced6d2-4fe1-4787-b653-d3bf70a4c30e,OP-000596,483.05,2026-09-30,SAVINGS,,POS,,TND
caa48f29-3c8e-4100-81b5-bc72037a6324,OP-000597,24.16,2026-08-03,SAVINGS,,POS,,TND
2101db79-89a1-414b-9b37-351d9797701b,OP-000598,480.35,2026-10-12,TRANSFER,OUT,ONLINE,,TND
caa48f29-3c8e-4100-81b5-bc72037a6324,OP-000599,68.01,2026-09-28,BILL_PAYMENT,,ATM,,EUR
b9765fa3-eb6d-476d-b764-aea7af2b8717,OP-000600,101.22,2026-08-23,DEPOSIT,,ATM,,TND
b9765fa3-eb6d-476d-b764-aea7af2b8717,OP-000601,92.12,2026-08-14,DEPOSIT,,ONLINE,,TND
0aced6d2-4fe1-4787-b653-d3bf70a4c30e,OP-000602,42.52,2026-09-24,CARD_PURCHASE,,ATM,TELECOM,EUR
7e9308eb-2669-4dc5-a96d-b8bf509e4f87,OP-000603,465.56,2026-09-21,TRANSFER,IN,POS,,TND
2ecd0ce0-37ce-44b3-bb33-b0e719183e8a,OP-000604,62.82,2026-08-26,CARD_PURCHASE,,ATM,FUEL,TND
1d7d8f22-0b82-43f0-a7d1-4feec5caaa97,OP-000605,467.91,2026-08-04,SAVINGS,,ONLINE,,TND
2eb9fcac-f9f8-48bc-b186-3f087468dc42,OP-000606,66.28,2026-08-03,BILL_PAYMENT,,POS,,TND
efaa92cf-0e87-4370-ba67-be22f07d585d,OP-000607,477.51,2026-09-14,TRANSFER,IN,MOBILE_APP,,TND
2ecd0ce0-37ce-44b3-bb33-b0e719183e8a,OP-000608,149.16,2026-09-26,SAVINGS,,POS,,TND
8b4318d7-b169-44ad-9bb1-a5d4dcc3848e,OP-000609,0,2026-08-30,PRODUCT_EVENT,,ONLINE,,TND
16b627b5-bed0-421c-b04c-248716ba2757,OP-000610,107.09,2026-09-19,BILL_PAYMENT,,MOBILE_APP,,EUR
98ea3367-2331-4fba-8dcf-6a8d2475028a,OP-000611,248.88,2026-10-02,BILL_PAYMENT,,POS,,TND
16b627b5-bed0-421c-b04c-248716ba2757,OP-000612,309.69,2026-08-27,ONLINE_PAYMENT,,ONLINE,TELECOM,TND
0aced6d2-4fe1-4787-b653-d3bf70a4c30e,OP-000613,232.41,2026-09-17,CARD_PURCHASE,,ATM,RESTAURANT,TND
9e1cd179-232c-4848-b615-d36a7f8fea95,OP-000614,0,2026-08-13,PRODUCT_EVENT,,ONLINE,,TND
46249a16-3043-4206-a6eb-10182dcb4257,OP-000615,0,2026-10-02,PRODUCT_EVENT,,POS,,TND
98ea3367-2331-4fba-8dcf-6a8d2475028a,OP-000616,168.88,2026-08-09,CARD_PURCHASE,,MOBILE_APP,FUEL,TND
b9765fa3-eb6d-476d-b764-aea7af2b8717,OP-000617,540.82,2026-08-25,DEPOSIT,,ATM,,TND
16b627b5-bed0-421c-b04c-248716ba2757,OP-000618,58.15,2026-09-09,ONLINE_PAYMENT,,POS,RESTAURANT,EUR
1d7d8f22-0b82-43f0-a7d1-4feec5caaa97,OP-000619,298.94,2026-09-14,SAVINGS,,MOBILE_APP,,TND
46249a16-3043-4206-a6eb-10182dcb4257,OP-000620,491.83,2026-08-05,TRANSFER,OUT,ONLINE,,TND
98ea3367-2331-4fba-8dcf-6a8d2475028a,OP-000621,0,2026-09-24,PRODUCT_EVENT,,MOBILE_APP,,TND
e6ee527b-2c1b-4a91-a493-714bb2bad56b,OP-000622,44.61,2026-09-29,BILL_PAYMENT,,POS,,TND
8b4318d7-b169-44ad-9bb1-a5d4dcc3848e,OP-000623,153.29,2026-09-12,CARD_PURCHASE,,POS,RETAIL,TND
023a65f7-7884-4f2c-805c-1b2cfdd790e8,OP-000624,0,2026-09-28,PRODUCT_EVENT,,ATM,,TND
0aced6d2-4fe1-4787-b653-d3bf70a4c30e,OP-000625,453.17,2026-09-08,SAVINGS,,ONLINE,,TND
7e9308eb-2669-4dc5-a96d-b8bf509e4f87,OP-000626,126.82,2026-09-16,DEPOSIT,,POS,,EUR
6c4c71c8-cf5d-436e-ad6e-6c2a47f0637f,OP-000627,277.68,2026-09-23,CARD_PURCHASE,,ATM,RESTAURANT,TND
2320cd15-2f4f-4184-a03f-31cce81b30f2,OP-000628,252.9,2026-09-18,CARD_PURCHASE,,ONLINE,RESTAURANT,TND
2101db79-89a1-414b-9b37-351d9797701b,OP-000629,126.88,2026-09-26,CARD_PURCHASE,,ONLINE,FOOD_DELIVERY,TND
98ea3367-2331-4fba-8dcf-6a8d2475028a,OP-000630,165.36,2026-08-23,BILL_PAYMENT,,ONLINE,,TND
caa48f29-3c8e-4100-81b5-bc72037a6324,OP-000631,21.01,2026-09-26,CARD_PURCHASE,,POS,FOOD_DELIVERY,TND
2101db79-89a1-414b-9b37-351d9797701b,OP-000632,476.37,2026-08-02,DEPOSIT,,POS,,TND
16b627b5-bed0-421c-b04c-248716ba2757,OP-000633,110.95,2026-08-24,ONLINE_PAYMENT,,MOBILE_APP,E_COMMERCE,TND
2eb9fcac-f9f8-48bc-b186-3f087468dc42,OP-000634,121.61,2026-10-01,BILL_PAYMENT,,ATM,,TND
efaa92cf-0e87-4370-ba67-be22f07d585d,OP-000635,336.93,2026-09-01,ONLINE_PAYMENT,,ATM,FOOD_DELIVERY,TND
7e9308eb-2669-4dc5-a96d-b8bf509e4f87,OP-000636,197.3,2026-09-22,BILL_PAYMENT,,ONLINE,,TND
caa48f29-3c8e-4100-81b5-bc72037a6324,OP-000637,253.13,2026-10-02,TRANSFER,OUT,ONLINE,,TND
fc08d5f4-6b0a-400a-80c7-1e44b59a39a7,OP-000638,408.27,2026-09-01,TRANSFER,OUT,ATM,,EUR
16b627b5-bed0-421c-b04c-248716ba2757,OP-000639,122.45,2026-08-02,BILL_PAYMENT,,MOBILE_APP,,EUR
caa48f29-3c8e-4100-81b5-bc72037a6324,OP-000640,287.55,2026-09-16,SAVINGS,,ONLINE,,TND
efaa92cf-0e87-4370-ba67-be22f07d585d,OP-000641,383.5,2026-09-20,ONLINE_PAYMENT,,ONLINE,TELECOM,TND
efaa92cf-0e87-4370-ba67-be22f07d585d,OP-000642,0,2026-10-14,PRODUCT_EVENT,,ONLINE,,EUR
2320cd15-2f4f-4184-a03f-31cce81b30f2,OP-000643,557.88,2026-10-01,SAVINGS,,POS,,TND
b9765fa3-eb6d-476d-b764-aea7af2b8717,OP-000644,101.33,2026-10-03,DEPOSIT,,MOBILE_APP,,TND
2eb9fcac-f9f8-48bc-b186-3f087468dc42,OP-000645,25.43,2026-08-22,DEPOSIT,,POS,,TND
e6ee527b-2c1b-4a91-a493-714bb2bad56b,OP-000646,165.87,2026-08-02,SAVINGS,,ONLINE,,TND
16b627b5-bed0-421c-b04c-248716ba2757,OP-000647,451.12,2026-08-29,SAVINGS,,ONLINE,,TND
7ac599cc-ebe3-46c5-8f8f-8f2e29e57712,OP-000648,115.71,2026-10-04,ONLINE_PAYMENT,,ATM,RETAIL,TND
1d7d8f22-0b82-43f0-a7d1-4feec5caaa97,OP-000649,64.61,2026-08-29,BILL_PAYMENT,,ATM,,TND
6c4c71c8-cf5d-436e-ad6e-6c2a47f0637f,OP-000650,377.7,2026-09-25,ONLINE_PAYMENT,,ONLINE,E_COMMERCE,TND
b9765fa3-eb6d-476d-b764-aea7af2b8717,OP-000651,213.07,2026-08-05,SAVINGS,,POS,,TND
2ecd0ce0-37ce-44b3-bb33-b0e719183e8a,OP-000652,0,2026-10-08,PRODUCT_EVENT,,ATM,,TND
7e9308eb-2669-4dc5-a96d-b8bf509e4f87,OP-000653,312.76,2026-08-28,TRANSFER,OUT,MOBILE_APP,,TND
efaa92cf-0e87-4370-ba67-be22f07d585d,OP-000654,496.32,2026-09-09,TRANSFER,IN,ONLINE,,TND
2eb9fcac-f9f8-48bc-b186-3f087468dc42,OP-000655,233.95,2026-09-13,ONLINE_PAYMENT,,MOBILE_APP,RESTAURANT,TND
b9765fa3-eb6d-476d-b764-aea7af2b8717,OP-000656,212.62,2026-09-16,DEPOSIT,,ATM,,TND
46249a16-3043-4206-a6eb-10182dcb4257,OP-000657,64.71,2026-09-13,TRANSFER,OUT,ONLINE,,TND
9e1cd179-232c-4848-b615-d36a7f8fea95,OP-000658,381.55,2026-09-17,TRANSFER,OUT,ATM,,TND
2320cd15-2f4f-4184-a03f-31cce81b30f2,OP-000659,99.16,2026-08-07,ONLINE_PAYMENT,,MOBILE_APP,FUEL,TND
2320cd15-2f4f-4184-a03f-31cce81b30f2,OP-000660,105.34,2026-09-14,TRANSFER,IN,ONLINE,,TND
6c4c71c8-cf5d-436e-ad6e-6c2a47f0637f,OP-000661,103.49,2026-08-10,ONLINE_PAYMENT,,ONLINE,GROCERY,TND
d5aca640-a679-462e-ac8a-fc17aad46bae,OP-000662,186.91,2026-09-10,BILL_PAYMENT,,ATM,,EUR
2101db79-89a1-414b-9b37-351d9797701b,OP-000663,130.16,2026-10-07,BILL_PAYMENT,,ONLINE,,TND
1d7d8f22-0b82-43f0-a7d1-4feec5caaa97,OP-000664,269.52,2026-10-04,DEPOSIT,,POS,,TND
46249a16-3043-4206-a6eb-10182dcb4257,OP-000665,162.08,2026-08-21,DEPOSIT,,ONLINE,,TND
caa48f29-3c8e-4100-81b5-bc72037a6324,OP-000666,540.39,2026-10-09,SAVINGS,,ATM,,TND
d5aca640-a679-462e-ac8a-fc17aad46bae,OP-000667,229.02,2026-09-01,CARD_PURCHASE,,POS,RETAIL,TND
db0c197a-9abf-446d-a292-f08378fe8df9,OP-000668,325.6,2026-09-19,TRANSFER,OUT,POS,,EUR
caa48f29-3c8e-4100-81b5-bc72037a6324,OP-000669,0,2026-10-02,PRODUCT_EVENT,,POS,,TND
2101db79-89a1-414b-9b37-351d9797701b,OP-000670,32.01,2026-10-01,SAVINGS,,ATM,,TND
2eb9fcac-f9f8-48bc-b186-3f087468dc42,OP-000671,109.83,2026-08-13,CARD_PURCHASE,,POS,RETAIL,TND
db0c197a-9abf-446d-a292-f08378fe8df9,OP-000672,125.11,2026-08-11,CARD_PURCHASE,,MOBILE_APP,RETAIL,TND
9e1cd179-232c-4848-b615-d36a7f8fea95,OP-000673,79.31,2026-09-28,SAVINGS,,ONLINE,,TND
16b627b5-bed0-421c-b04c-248716ba2757,OP-000674,0,2026-10-14,PRODUCT_EVENT,,ONLINE,,TND
fc08d5f4-6b0a-400a-80c7-1e44b59a39a7,OP-000675,16.32,2026-09-02,ONLINE_PAYMENT,,ATM,FUEL,EUR
4c056708-a89d-4649-aec7-069be9505175,OP-000676,194.01,2026-08-01,DEPOSIT,,MOBILE_APP,,TND
98ea3367-2331-4fba-8dcf-6a8d2475028a,OP-000677,0,2026-09-14,PRODUCT_EVENT,,MOBILE_APP,,TND
0aced6d2-4fe1-4787-b653-d3bf70a4c30e,OP-000678,218.42,2026-09-06,TRANSFER,OUT,MOBILE_APP,,EUR
d5aca640-a679-462e-ac8a-fc17aad46bae,OP-000679,0,2026-08-31,PRODUCT_EVENT,,POS,,TND
2101db79-89a1-414b-9b37-351d9797701b,OP-000680,339.17,2026-10-07,DEPOSIT,,MOBILE_APP,,TND
4c056708-a89d-4649-aec7-069be9505175,OP-000681,219.34,2026-09-09,SAVINGS,,ATM,,TND
2eb9fcac-f9f8-48bc-b186-3f087468dc42,OP-000682,104.38,2026-09-25,SAVINGS,,MOBILE_APP,,TND
0aced6d2-4fe1-4787-b653-d3bf70a4c30e,OP-000683,0,2026-08-09,PRODUCT_EVENT,,POS,,TND
b9765fa3-eb6d-476d-b764-aea7af2b8717,OP-000684,347.19,2026-10-05,ONLINE_PAYMENT,,ONLINE,FOOD_DELIVERY,TND
0aced6d2-4fe1-4787-b653-d3bf70a4c30e,OP-000685,30.92,2026-08-05,BILL_PAYMENT,,ONLINE,,TND
caa48f29-3c8e-4100-81b5-bc72037a6324,OP-000686,151.53,2026-09-03,BILL_PAYMENT,,ATM,,TND
46249a16-3043-4206-a6eb-10182dcb4257,OP-000687,194.04,2026-08-26,BILL_PAYMENT,,MOBILE_APP,,TND
9e1cd179-232c-4848-b615-d36a7f8fea95,OP-000688,213.29,2026-08-25,BILL_PAYMENT,,POS,,TND
2eb9fcac-f9f8-48bc-b186-3f087468dc42,OP-000689,0,2026-10-01,PRODUCT_EVENT,,MOBILE_APP,,TND
0aced6d2-4fe1-4787-b653-d3bf70a4c30e,OP-000690,395.95,2026-08-15,TRANSFER,OUT,ONLINE,,TND
46249a16-3043-4206-a6eb-10182dcb4257,OP-000691,0,2026-09-17,PRODUCT_EVENT,,MOBILE_APP,,TND
2eb9fcac-f9f8-48bc-b186-3f087468dc42,OP-000692,488.72,2026-10-05,SAVINGS,,MOBILE_APP,,TND
46249a16-3043-4206-a6eb-10182dcb4257,OP-000693,175.9,2026-09-20,BILL_PAYMENT,,ONLINE,,EUR
db0c197a-9abf-446d-a292-f08378fe8df9,OP-000694,288.25,2026-10-12,CARD_PURCHASE,,ONLINE,FUEL,EUR
db0c197a-9abf-446d-a292-f08378fe8df9,OP-000695,354.02,2026-10-05,SAVINGS,,POS,,EUR
9e1cd179-232c-4848-b615-d36a7f8fea95,OP-000696,66.49,2026-09-08,ONLINE_PAYMENT,,MOBILE_APP,RETAIL,TND
7e9308eb-2669-4dc5-a96d-b8bf509e4f87,OP-000697,0,2026-08-17,PRODUCT_EVENT,,POS,,TND
0aced6d2-4fe1-4787-b653-d3bf70a4c30e,OP-000698,390.6,2026-08-31,SAVINGS,,ATM,,TND
2ecd0ce0-37ce-44b3-bb33-b0e719183e8a,OP-000699,174.97,2026-08-16,DEPOSIT,,ONLINE,,TND
0aced6d2-4fe1-4787-b653-d3bf70a4c30e,OP-000700,475.65,2026-09-20,SAVINGS,,MOBILE_APP,,TND
2101db79-89a1-414b-9b37-351d9797701b,OP-000701,45.22,2026-10-09,BILL_PAYMENT,,POS,,EUR
2ecd0ce0-37ce-44b3-bb33-b0e719183e8a,OP-000702,0,2026-08-20,PRODUCT_EVENT,,MOBILE_APP,,EUR
2ecd0ce0-37ce-44b3-bb33-b0e719183e8a,OP-000703,437.86,2026-09-12,TRANSFER,IN,ONLINE,,TND
023a65f7-7884-4f2c-805c-1b2cfdd790e8,OP-000704,165.88,2026-08-19,ONLINE_PAYMENT,,POS,RESTAURANT,TND
efaa92cf-0e87-4370-ba67-be22f07d585d,OP-000705,102.26,2026-08-10,CARD_PURCHASE,,ONLINE,FOOD_DELIVERY,TND
2320cd15-2f4f-4184-a03f-31cce81b30f2,OP-000706,97.74,2026-09-19,SAVINGS,,ONLINE,,TND
98ea3367-2331-4fba-8dcf-6a8d2475028a,OP-000707,193.62,2026-08-17,CARD_PURCHASE,,MOBILE_APP,GROCERY,TND
1d7d8f22-0b82-43f0-a7d1-4feec5caaa97,OP-000708,135.15,2026-10-03,ONLINE_PAYMENT,,ONLINE,GROCERY,TND
023a65f7-7884-4f2c-805c-1b2cfdd790e8,OP-000709,91.87,2026-10-02,ONLINE_PAYMENT,,ATM,TELECOM,TND
caa48f29-3c8e-4100-81b5-bc72037a6324,OP-000710,113.2,2026-08-15,TRANSFER,IN,ATM,,TND
4c056708-a89d-4649-aec7-069be9505175,OP-000711,276.52,2026-09-20,DEPOSIT,,POS,,TND
023a65f7-7884-4f2c-805c-1b2cfdd790e8,OP-000712,0,2026-08-26,PRODUCT_EVENT,,ONLINE,,TND
0aced6d2-4fe1-4787-b653-d3bf70a4c30e,OP-000713,325.23,2026-08-12,ONLINE_PAYMENT,,ONLINE,RETAIL,TND
7e9308eb-2669-4dc5-a96d-b8bf509e4f87,OP-000714,265.09,2026-08-05,ONLINE_PAYMENT,,MOBILE_APP,RESTAURANT,TND
e6ee527b-2c1b-4a91-a493-714bb2bad56b,OP-000715,64.03,2026-08-19,BILL_PAYMENT,,MOBILE_APP,,TND
2ecd0ce0-37ce-44b3-bb33-b0e719183e8a,OP-000716,130.52,2026-08-21,ONLINE_PAYMENT,,ATM,FOOD_DELIVERY,TND
46249a16-3043-4206-a6eb-10182dcb4257,OP-000717,350.12,2026-08-11,ONLINE_PAYMENT,,MOBILE_APP,RESTAURANT,TND
0aced6d2-4fe1-4787-b653-d3bf70a4c30e,OP-000718,220.8,2026-08-06,TRANSFER,OUT,ATM,,TND
2101db79-89a1-414b-9b37-351d9797701b,OP-000719,50.49,2026-08-04,BILL_PAYMENT,,POS,,TND
2ecd0ce0-37ce-44b3-bb33-b0e719183e8a,OP-000720,386.54,2026-08-05,DEPOSIT,,ONLINE,,TND
9e1cd179-232c-4848-b615-d36a7f8fea95,OP-000721,105.33,2026-10-14,ONLINE_PAYMENT,,ONLINE,FOOD_DELIVERY,TND
2320cd15-2f4f-4184-a03f-31cce81b30f2,OP-000722,524.76,2026-10-11,SAVINGS,,ONLINE,,TND
46249a16-3043-4206-a6eb-10182dcb4257,OP-000723,265.2,2026-08-07,ONLINE_PAYMENT,,MOBILE_APP,FOOD_DELIVERY,TND
0aced6d2-4fe1-4787-b653-d3bf70a4c30e,OP-000724,76.61,2026-09-11,SAVINGS,,MOBILE_APP,,TND
e6ee527b-2c1b-4a91-a493-714bb2bad56b,OP-000725,94.6,2026-08-12,CARD_PURCHASE,,ONLINE,FOOD_DELIVERY,TND
efaa92cf-0e87-4370-ba67-be22f07d585d,OP-000726,551.16,2026-08-23,SAVINGS,,MOBILE_APP,,TND
7ac599cc-ebe3-46c5-8f8f-8f2e29e57712,OP-000727,50.27,2026-09-25,BILL_PAYMENT,,ATM,,TND
7ac599cc-ebe3-46c5-8f8f-8f2e29e57712,OP-000728,338.18,2026-09-19,TRANSFER,OUT,MOBILE_APP,,TND
b9765fa3-eb6d-476d-b764-aea7af2b8717,OP-000729,209.94,2026-09-05,SAVINGS,,ONLINE,,TND
7e9308eb-2669-4dc5-a96d-b8bf509e4f87,OP-000730,195.37,2026-10-06,ONLINE_PAYMENT,,MOBILE_APP,RESTAURANT,TND
7e9308eb-2669-4dc5-a96d-b8bf509e4f87,OP-000731,162.42,2026-08-03,SAVINGS,,POS,,TND
1d7d8f22-0b82-43f0-a7d1-4feec5caaa97,OP-000732,61.47,2026-09-02,TRANSFER,OUT,ONLINE,,TND
2101db79-89a1-414b-9b37-351d9797701b,OP-000733,0,2026-09-05,PRODUCT_EVENT,,ATM,,TND
2101db79-89a1-414b-9b37-351d9797701b,OP-000734,446.13,2026-08-22,SAVINGS,,ONLINE,,TND
7e9308eb-2669-4dc5-a96d-b8bf509e4f87,OP-000735,79.01,2026-09-30,CARD_PURCHASE,,ATM,FUEL,TND
7ac599cc-ebe3-46c5-8f8f-8f2e29e57712,OP-000736,304.07,2026-08-02,TRANSFER,OUT,POS,,TND
4c056708-a89d-4649-aec7-069be9505175,OP-000737,125.39,2026-09-02,CARD_PURCHASE,,ONLINE,TELECOM,TND
7e9308eb-2669-4dc5-a96d-b8bf509e4f87,OP-000738,586.8,2026-09-25,DEPOSIT,,POS,,TND
d5aca640-a679-462e-ac8a-fc17aad46bae,OP-000739,333.5,2026-08-07,SAVINGS,,POS,,TND
b9765fa3-eb6d-476d-b764-aea7af2b8717,OP-000740,277.62,2026-08-13,ONLINE_PAYMENT,,ONLINE,E_COMMERCE,EUR
2eb9fcac-f9f8-48bc-b186-3f087468dc42,OP-000741,0,2026-09-19,PRODUCT_EVENT,,ATM,,TND
1d7d8f22-0b82-43f0-a7d1-4feec5caaa97,OP-000742,0,2026-10-10,PRODUCT_EVENT,,MOBILE_APP,,TND
98ea3367-2331-4fba-8dcf-6a8d2475028a,OP-000743,122.77,2026-09-11,ONLINE_PAYMENT,,MOBILE_APP,TELECOM,TND
2101db79-89a1-414b-9b37-351d9797701b,OP-000744,83.12,2026-08-02,CARD_PURCHASE,,ATM,TELECOM,TND
9e1cd179-232c-4848-b615-d36a7f8fea95,OP-000745,0,2026-08-17,PRODUCT_EVENT,,MOBILE_APP,,TND
caa48f29-3c8e-4100-81b5-bc72037a6324,OP-000746,175.54,2026-10-04,BILL_PAYMENT,,ATM,,TND
4c056708-a89d-4649-aec7-069be9505175,OP-000747,0,2026-10-01,PRODUCT_EVENT,,ATM,,TND
7e9308eb-2669-4dc5-a96d-b8bf509e4f87,OP-000748,66.43,2026-10-04,SAVINGS,,MOBILE_APP,,TND
0aced6d2-4fe1-4787-b653-d3bf70a4c30e,OP-000749,276.3,2026-09-17,ONLINE_PAYMENT,,POS,GROCERY,EUR
6c4c71c8-cf5d-436e-ad6e-6c2a47f0637f,OP-000750,149.99,2026-08-13,TRANSFER,IN,POS,,TND
d5aca640-a679-462e-ac8a-fc17aad46bae,OP-000751,0,2026-08-09,PRODUCT_EVENT,,ATM,,TND
16b627b5-bed0-421c-b04c-248716ba2757,OP-000752,110.48,2026-09-20,BILL_PAYMENT,,POS,,TND
2eb9fcac-f9f8-48bc-b186-3f087468dc42,OP-000753,32.16,2026-08-13,DEPOSIT,,MOBILE_APP,,TND
db0c197a-9abf-446d-a292-f08378fe8df9,OP-000754,158.57,2026-08-11,CARD_PURCHASE,,POS,RESTAURANT,TND
16b627b5-bed0-421c-b04c-248716ba2757,OP-000755,256.3,2026-08-17,ONLINE_PAYMENT,,ONLINE,TELECOM,TND
d5aca640-a679-462e-ac8a-fc17aad46bae,OP-000756,499.96,2026-08-27,DEPOSIT,,POS,,TND
6c4c71c8-cf5d-436e-ad6e-6c2a47f0637f,OP-000757,252.55,2026-08-28,TRANSFER,OUT,MOBILE_APP,,TND
8b4318d7-b169-44ad-9bb1-a5d4dcc3848e,OP-000758,268.1,2026-08-10,DEPOSIT,,MOBILE_APP,,TND
caa48f29-3c8e-4100-81b5-bc72037a6324,OP-000759,231.5,2026-09-09,TRANSFER,IN,ATM,,TND
b9765fa3-eb6d-476d-b764-aea7af2b8717,OP-000760,194.09,2026-10-04,TRANSFER,OUT,ONLINE,,TND
b9765fa3-eb6d-476d-b764-aea7af2b8717,OP-000761,403.39,2026-08-19,TRANSFER,IN,ONLINE,,TND
2ecd0ce0-37ce-44b3-bb33-b0e719183e8a,OP-000762,164.1,2026-08-13,ONLINE_PAYMENT,,POS,RETAIL,TND
2101db79-89a1-414b-9b37-351d9797701b,OP-000763,106.76,2026-09-24,BILL_PAYMENT,,POS,,EUR
4c056708-a89d-4649-aec7-069be9505175,OP-000764,225.63,2026-09-30,BILL_PAYMENT,,ATM,,TND
0aced6d2-4fe1-4787-b653-d3bf70a4c30e,OP-000765,372.24,2026-10-03,SAVINGS,,ONLINE,,EUR
db0c197a-9abf-446d-a292-f08378fe8df9,OP-000766,324.97,2026-08-02,ONLINE_PAYMENT,,ATM,RETAIL,TND
fc08d5f4-6b0a-400a-80c7-1e44b59a39a7,OP-000767,198.64,2026-08-28,ONLINE_PAYMENT,,ONLINE,RESTAURANT,TND
7ac599cc-ebe3-46c5-8f8f-8f2e29e57712,OP-000768,54.42,2026-09-27,BILL_PAYMENT,,MOBILE_APP,,TND
0aced6d2-4fe1-4787-b653-d3bf70a4c30e,OP-000769,112.04,2026-09-02,CARD_PURCHASE,,MOBILE_APP,RESTAURANT,TND
7ac599cc-ebe3-46c5-8f8f-8f2e29e57712,OP-000770,255.99,2026-08-23,SAVINGS,,MOBILE_APP,,TND
d5aca640-a679-462e-ac8a-fc17aad46bae,OP-000771,228.26,2026-10-11,DEPOSIT,,ATM,,TND
2ecd0ce0-37ce-44b3-bb33-b0e719183e8a,OP-000772,124.3,2026-09-13,BILL_PAYMENT,,POS,,TND
46249a16-3043-4206-a6eb-10182dcb4257,OP-000773,330.29,2026-08-18,ONLINE_PAYMENT,,MOBILE_APP,FOOD_DELIVERY,TND
1d7d8f22-0b82-43f0-a7d1-4feec5caaa97,OP-000774,478.99,2026-08-25,SAVINGS,,POS,,EUR
9e1cd179-232c-4848-b615-d36a7f8fea95,OP-000775,247.47,2026-09-13,CARD_PURCHASE,,ONLINE,RESTAURANT,TND
0aced6d2-4fe1-4787-b653-d3bf70a4c30e,OP-000776,89.69,2026-09-16,BILL_PAYMENT,,ATM,,TND
98ea3367-2331-4fba-8dcf-6a8d2475028a,OP-000777,329.76,2026-10-06,SAVINGS,,POS,,TND
9e1cd179-232c-4848-b615-d36a7f8fea95,OP-000778,147.16,2026-09-01,DEPOSIT,,ONLINE,,TND
d5aca640-a679-462e-ac8a-fc17aad46bae,OP-000779,147.4,2026-10-10,CARD_PURCHASE,,MOBILE_APP,GROCERY,TND
16b627b5-bed0-421c-b04c-248716ba2757,OP-000780,171.27,2026-08-22,SAVINGS,,MOBILE_APP,,TND
0aced6d2-4fe1-4787-b653-d3bf70a4c30e,OP-000781,0,2026-09-21,PRODUCT_EVENT,,ATM,,TND
2101db79-89a1-414b-9b37-351d9797701b,OP-000782,434.87,2026-10-14,DEPOSIT,,ATM,,EUR
8b4318d7-b169-44ad-9bb1-a5d4dcc3848e,OP-000783,0,2026-08-13,PRODUCT_EVENT,,MOBILE_APP,,TND
2ecd0ce0-37ce-44b3-bb33-b0e719183e8a,OP-000784,150.68,2026-09-22,BILL_PAYMENT,,ATM,,TND
8b4318d7-b169-44ad-9bb1-a5d4dcc3848e,OP-000785,0,2026-09-02,PRODUCT_EVENT,,ATM,,TND
98ea3367-2331-4fba-8dcf-6a8d2475028a,OP-000786,96.04,2026-08-18,CARD_PURCHASE,,POS,FUEL,TND
023a65f7-7884-4f2c-805c-1b2cfdd790e8,OP-000787,197.05,2026-09-17,DEPOSIT,,ATM,,TND
2eb9fcac-f9f8-48bc-b186-3f087468dc42,OP-000788,475.42,2026-10-04,TRANSFER,OUT,MOBILE_APP,,TND
b9765fa3-eb6d-476d-b764-aea7af2b8717,OP-000789,41.23,2026-09-15,ONLINE_PAYMENT,,ONLINE,FUEL,TND
7ac599cc-ebe3-46c5-8f8f-8f2e29e57712,OP-000790,557.4,2026-10-12,DEPOSIT,,MOBILE_APP,,TND
4c056708-a89d-4649-aec7-069be9505175,OP-000791,86.07,2026-09-03,SAVINGS,,ATM,,TND
2eb9fcac-f9f8-48bc-b186-3f087468dc42,OP-000792,166.28,2026-09-24,TRANSFER,OUT,MOBILE_APP,,TND
2320cd15-2f4f-4184-a03f-31cce81b30f2,OP-000793,32.96,2026-08-17,ONLINE_PAYMENT,,POS,TELECOM,TND
6c4c71c8-cf5d-436e-ad6e-6c2a47f0637f,OP-000794,248.69,2026-10-08,ONLINE_PAYMENT,,ONLINE,RETAIL,TND
2320cd15-2f4f-4184-a03f-31cce81b30f2,OP-000795,108.88,2026-09-21,BILL_PAYMENT,,POS,,TND
8b4318d7-b169-44ad-9bb1-a5d4dcc3848e,OP-000796,201.86,2026-10-02,DEPOSIT,,MOBILE_APP,,TND
fc08d5f4-6b0a-400a-80c7-1e44b59a39a7,OP-000797,426.47,2026-09-28,SAVINGS,,ONLINE,,TND
4c056708-a89d-4649-aec7-069be9505175,OP-000798,171.62,2026-09-04,ONLINE_PAYMENT,,MOBILE_APP,RESTAURANT,TND
b9765fa3-eb6d-476d-b764-aea7af2b8717,OP-000799,0,2026-08-13,PRODUCT_EVENT,,MOBILE_APP,,TND
9e1cd179-232c-4848-b615-d36a7f8fea95,OP-000800,219.35,2026-10-14,BILL_PAYMENT,,ONLINE,,TND
db0c197a-9abf-446d-a292-f08378fe8df9,OP-000801,240.96,2026-09-18,SAVINGS,,ATM,,TND
db0c197a-9abf-446d-a292-f08378fe8df9,OP-000802,499.46,2026-10-03,DEPOSIT,,POS,,EUR
7ac599cc-ebe3-46c5-8f8f-8f2e29e57712,OP-000803,76.22,2026-09-19,BILL_PAYMENT,,ATM,,EUR
fc08d5f4-6b0a-400a-80c7-1e44b59a39a7,OP-000804,470.39,2026-09-27,TRANSFER,OUT,MOBILE_APP,,TND
db0c197a-9abf-446d-a292-f08378fe8df9,OP-000805,270.49,2026-09-26,ONLINE_PAYMENT,,POS,GROCERY,TND
b9765fa3-eb6d-476d-b764-aea7af2b8717,OP-000806,168.87,2026-08-24,TRANSFER,OUT,MOBILE_APP,,TND
98ea3367-2331-4fba-8dcf-6a8d2475028a,OP-000807,157.04,2026-08-24,CARD_PURCHASE,,ATM,FUEL,TND
023a65f7-7884-4f2c-805c-1b2cfdd790e8,OP-000808,387.23,2026-08-17,TRANSFER,OUT,POS,,TND
98ea3367-2331-4fba-8dcf-6a8d2475028a,OP-000809,508.98,2026-08-29,SAVINGS,,MOBILE_APP,,TND
2101db79-89a1-414b-9b37-351d9797701b,OP-000810,77.93,2026-08-08,ONLINE_PAYMENT,,ONLINE,FOOD_DELIVERY,EUR
efaa92cf-0e87-4370-ba67-be22f07d585d,OP-000811,267.87,2026-10-01,CARD_PURCHASE,,ONLINE,E_COMMERCE,TND
e6ee527b-2c1b-4a91-a493-714bb2bad56b,OP-000812,0,2026-10-04,PRODUCT_EVENT,,MOBILE_APP,,TND
2eb9fcac-f9f8-48bc-b186-3f087468dc42,OP-000813,223.02,2026-08-03,TRANSFER,OUT,POS,,TND
2101db79-89a1-414b-9b37-351d9797701b,OP-000814,81.53,2026-09-20,ONLINE_PAYMENT,,POS,E_COMMERCE,TND
9e1cd179-232c-4848-b615-d36a7f8fea95,OP-000815,132.14,2026-09-11,ONLINE_PAYMENT,,POS,E_COMMERCE,TND
023a65f7-7884-4f2c-805c-1b2cfdd790e8,OP-000816,493.51,2026-09-01,DEPOSIT,,POS,,TND
9e1cd179-232c-4848-b615-d36a7f8fea95,OP-000817,175.6,2026-08-23,CARD_PURCHASE,,ONLINE,RESTAURANT,EUR
efaa92cf-0e87-4370-ba67-be22f07d585d,OP-000818,0,2026-09-16,PRODUCT_EVENT,,ONLINE,,TND
8b4318d7-b169-44ad-9bb1-a5d4dcc3848e,OP-000819,240.92,2026-10-08,DEPOSIT,,ATM,,TND
4c056708-a89d-4649-aec7-069be9505175,OP-000820,124.3,2026-08-23,ONLINE_PAYMENT,,MOBILE_APP,GROCERY,TND
7ac599cc-ebe3-46c5-8f8f-8f2e29e57712,OP-000821,24.14,2026-08-19,ONLINE_PAYMENT,,POS,RESTAURANT,TND
7ac599cc-ebe3-46c5-8f8f-8f2e29e57712,OP-000822,0,2026-08-01,PRODUCT_EVENT,,ONLINE,,TND
16b627b5-bed0-421c-b04c-248716ba2757,OP-000823,35.44,2026-09-30,ONLINE_PAYMENT,,ONLINE,TELECOM,TND
caa48f29-3c8e-4100-81b5-bc72037a6324,OP-000824,215.18,2026-09-04,BILL_PAYMENT,,ATM,,TND
2320cd15-2f4f-4184-a03f-31cce81b30f2,OP-000825,109.31,2026-08-24,CARD_PURCHASE,,POS,E_COMMERCE,TND
4c056708-a89d-4649-aec7-069be9505175,OP-000826,156.18,2026-08-24,TRANSFER,IN,MOBILE_APP,,TND
023a65f7-7884-4f2c-805c-1b2cfdd790e8,OP-000827,10.53,2026-08-27,CARD_PURCHASE,,ONLINE,TELECOM,TND
d5aca640-a679-462e-ac8a-fc17aad46bae,OP-000828,352.86,2026-10-02,ONLINE_PAYMENT,,ONLINE,GROCERY,TND
efaa92cf-0e87-4370-ba67-be22f07d585d,OP-000829,0,2026-09-22,PRODUCT_EVENT,,MOBILE_APP,,TND
4c056708-a89d-4649-aec7-069be9505175,OP-000830,149.23,2026-09-08,CARD_PURCHASE,,POS,FUEL,TND
2eb9fcac-f9f8-48bc-b186-3f087468dc42,OP-000831,107.28,2026-09-16,TRANSFER,IN,MOBILE_APP,,TND
16b627b5-bed0-421c-b04c-248716ba2757,OP-000832,523.62,2026-10-03,DEPOSIT,,POS,,TND
2ecd0ce0-37ce-44b3-bb33-b0e719183e8a,OP-000833,63.66,2026-08-01,DEPOSIT,,ATM,,TND
46249a16-3043-4206-a6eb-10182dcb4257,OP-000834,251.99,2026-08-28,CARD_PURCHASE,,POS,FOOD_DELIVERY,TND
7ac599cc-ebe3-46c5-8f8f-8f2e29e57712,OP-000835,421.46,2026-08-10,SAVINGS,,MOBILE_APP,,TND
0aced6d2-4fe1-4787-b653-d3bf70a4c30e,OP-000836,291.35,2026-10-03,TRANSFER,OUT,ONLINE,,TND
fc08d5f4-6b0a-400a-80c7-1e44b59a39a7,OP-000837,122.59,2026-09-10,DEPOSIT,,ATM,,TND
7e9308eb-2669-4dc5-a96d-b8bf509e4f87,OP-000838,132.43,2026-09-23,DEPOSIT,,POS,,TND
efaa92cf-0e87-4370-ba67-be22f07d585d,OP-000839,384.89,2026-10-11,ONLINE_PAYMENT,,MOBILE_APP,TELECOM,EUR
46249a16-3043-4206-a6eb-10182dcb4257,OP-000840,361.19,2026-09-25,ONLINE_PAYMENT,,ATM,RETAIL,EUR
023a65f7-7884-4f2c-805c-1b2cfdd790e8,OP-000841,77.6,2026-08-06,CARD_PURCHASE,,ATM,RESTAURANT,TND
8b4318d7-b169-44ad-9bb1-a5d4dcc3848e,OP-000842,363.52,2026-10-13,ONLINE_PAYMENT,,ONLINE,RETAIL,TND
2ecd0ce0-37ce-44b3-bb33-b0e719183e8a,OP-000843,53.72,2026-10-04,DEPOSIT,,MOBILE_APP,,EUR
2eb9fcac-f9f8-48bc-b186-3f087468dc42,OP-000844,84.82,2026-10-09,ONLINE_PAYMENT,,ONLINE,GROCERY,TND
023a65f7-7884-4f2c-805c-1b2cfdd790e8,OP-000845,421.82,2026-09-22,DEPOSIT,,ATM,,TND
98ea3367-2331-4fba-8dcf-6a8d2475028a,OP-000846,181.35,2026-08-20,CARD_PURCHASE,,ATM,GROCERY,TND
efaa92cf-0e87-4370-ba67-be22f07d585d,OP-000847,111.69,2026-09-28,TRANSFER,OUT,POS,,TND
1d7d8f22-0b82-43f0-a7d1-4feec5caaa97,OP-000848,255.2,2026-09-22,DEPOSIT,,POS,,TND
2eb9fcac-f9f8-48bc-b186-3f087468dc42,OP-000849,156.74,2026-08-05,SAVINGS,,ATM,,EUR
e6ee527b-2c1b-4a91-a493-714bb2bad56b,OP-000850,218.23,2026-08-11,BILL_PAYMENT,,ONLINE,,TND
4c056708-a89d-4649-aec7-069be9505175,OP-000851,259.05,2026-09-16,CARD_PURCHASE,,MOBILE_APP,E_COMMERCE,TND
d5aca640-a679-462e-ac8a-fc17aad46bae,OP-000852,370.26,2026-09-16,DEPOSIT,,POS,,TND
fc08d5f4-6b0a-400a-80c7-1e44b59a39a7,OP-000853,148.97,2026-09-25,DEPOSIT,,POS,,TND
46249a16-3043-4206-a6eb-10182dcb4257,OP-000854,186.21,2026-10-02,TRANSFER,IN,ATM,,TND
4c056708-a89d-4649-aec7-069be9505175,OP-000855,0,2026-08-07,PRODUCT_EVENT,,MOBILE_APP,,TND
023a65f7-7884-4f2c-805c-1b2cfdd790e8,OP-000856,0,2026-09-21,PRODUCT_EVENT,,ATM,,TND
2ecd0ce0-37ce-44b3-bb33-b0e719183e8a,OP-000857,140.16,2026-08-11,ONLINE_PAYMENT,,ATM,GROCERY,TND
efaa92cf-0e87-4370-ba67-be22f07d585d,OP-000858,10.72,2026-09-16,CARD_PURCHASE,,POS,GROCERY,TND
1d7d8f22-0b82-43f0-a7d1-4feec5caaa97,OP-000859,102.22,2026-08-30,ONLINE_PAYMENT,,ONLINE,E_COMMERCE,TND
6c4c71c8-cf5d-436e-ad6e-6c2a47f0637f,OP-000860,34.79,2026-10-14,SAVINGS,,ATM,,TND
caa48f29-3c8e-4100-81b5-bc72037a6324,OP-000861,150.3,2026-09-09,ONLINE_PAYMENT,,POS,TELECOM,TND
98ea3367-2331-4fba-8dcf-6a8d2475028a,OP-000862,75.55,2026-08-17,BILL_PAYMENT,,MOBILE_APP,,EUR
2320cd15-2f4f-4184-a03f-31cce81b30f2,OP-000863,587.8,2026-10-05,SAVINGS,,POS,,TND
2ecd0ce0-37ce-44b3-bb33-b0e719183e8a,OP-000864,39.09,2026-08-05,DEPOSIT,,MOBILE_APP,,TND
2320cd15-2f4f-4184-a03f-31cce81b30f2,OP-000865,317.38,2026-09-17,DEPOSIT,,POS,,TND
1d7d8f22-0b82-43f0-a7d1-4feec5caaa97,OP-000866,299.34,2026-09-14,DEPOSIT,,POS,,TND
fc08d5f4-6b0a-400a-80c7-1e44b59a39a7,OP-000867,291.49,2026-09-10,ONLINE_PAYMENT,,MOBILE_APP,FUEL,TND
98ea3367-2331-4fba-8dcf-6a8d2475028a,OP-000868,130.49,2026-09-04,DEPOSIT,,ATM,,TND
d5aca640-a679-462e-ac8a-fc17aad46bae,OP-000869,63.78,2026-09-02,BILL_PAYMENT,,ONLINE,,TND
4c056708-a89d-4649-aec7-069be9505175,OP-000870,247.34,2026-10-14,SAVINGS,,MOBILE_APP,,EUR
fc08d5f4-6b0a-400a-80c7-1e44b59a39a7,OP-000871,595.73,2026-09-17,DEPOSIT,,ATM,,TND
46249a16-3043-4206-a6eb-10182dcb4257,OP-000872,131.66,2026-08-12,BILL_PAYMENT,,ATM,,TND
8b4318d7-b169-44ad-9bb1-a5d4dcc3848e,OP-000873,416.35,2026-08-25,SAVINGS,,POS,,TND
fc08d5f4-6b0a-400a-80c7-1e44b59a39a7,OP-000874,200.77,2026-08-19,TRANSFER,OUT,POS,,TND
0aced6d2-4fe1-4787-b653-d3bf70a4c30e,OP-000875,22.54,2026-10-11,ONLINE_PAYMENT,,ATM,E_COMMERCE,TND
fc08d5f4-6b0a-400a-80c7-1e44b59a39a7,OP-000876,380.85,2026-08-16,TRANSFER,OUT,POS,,TND
2ecd0ce0-37ce-44b3-bb33-b0e719183e8a,OP-000877,0,2026-08-27,PRODUCT_EVENT,,MOBILE_APP,,TND
b9765fa3-eb6d-476d-b764-aea7af2b8717,OP-000878,0,2026-08-29,PRODUCT_EVENT,,POS,,TND
2101db79-89a1-414b-9b37-351d9797701b,OP-000879,0,2026-08-07,PRODUCT_EVENT,,ONLINE,,TND
4c056708-a89d-4649-aec7-069be9505175,OP-000880,146.88,2026-09-26,CARD_PURCHASE,,ONLINE,RESTAURANT,EUR
2eb9fcac-f9f8-48bc-b186-3f087468dc42,OP-000881,266.46,2026-08-14,CARD_PURCHASE,,MOBILE_APP,GROCERY,TND
efaa92cf-0e87-4370-ba67-be22f07d585d,OP-000882,0,2026-10-12,PRODUCT_EVENT,,POS,,TND
b9765fa3-eb6d-476d-b764-aea7af2b8717,OP-000883,523.17,2026-10-08,SAVINGS,,POS,,TND
023a65f7-7884-4f2c-805c-1b2cfdd790e8,OP-000884,544.53,2026-10-01,SAVINGS,,MOBILE_APP,,TND
46249a16-3043-4206-a6eb-10182dcb4257,OP-000885,70.53,2026-08-23,DEPOSIT,,ONLINE,,TND
e6ee527b-2c1b-4a91-a493-714bb2bad56b,OP-000886,147.52,2026-09-05,TRANSFER,OUT,ONLINE,,TND
e6ee527b-2c1b-4a91-a493-714bb2bad56b,OP-000887,222.89,2026-09-30,CARD_PURCHASE,,MOBILE_APP,TELECOM,TND
1d7d8f22-0b82-43f0-a7d1-4feec5caaa97,OP-000888,337.98,2026-09-08,ONLINE_PAYMENT,,ONLINE,FOOD_DELIVERY,TND
2eb9fcac-f9f8-48bc-b186-3f087468dc42,OP-000889,126.66,2026-08-13,SAVINGS,,ONLINE,,TND
7e9308eb-2669-4dc5-a96d-b8bf509e4f87,OP-000890,357.25,2026-10-02,SAVINGS,,ATM,,TND
b9765fa3-eb6d-476d-b764-aea7af2b8717,OP-000891,0,2026-10-04,PRODUCT_EVENT,,MOBILE_APP,,TND
4c056708-a89d-4649-aec7-069be9505175,OP-000892,135.05,2026-09-23,BILL_PAYMENT,,ATM,,TND
7e9308eb-2669-4dc5-a96d-b8bf509e4f87,OP-000893,379.16,2026-10-06,DEPOSIT,,POS,,TND
fc08d5f4-6b0a-400a-80c7-1e44b59a39a7,OP-000894,298.44,2026-09-04,CARD_PURCHASE,,POS,FOOD_DELIVERY,TND
2ecd0ce0-37ce-44b3-bb33-b0e719183e8a,OP-000895,289.79,2026-08-18,SAVINGS,,ATM,,TND
e6ee527b-2c1b-4a91-a493-714bb2bad56b,OP-000896,412.46,2026-10-08,SAVINGS,,ONLINE,,TND
9e1cd179-232c-4848-b615-d36a7f8fea95,OP-000897,127.38,2026-08-05,ONLINE_PAYMENT,,MOBILE_APP,TELECOM,TND
98ea3367-2331-4fba-8dcf-6a8d2475028a,OP-000898,512.74,2026-10-13,SAVINGS,,MOBILE_APP,,EUR
0aced6d2-4fe1-4787-b653-d3bf70a4c30e,OP-000899,99.25,2026-09-05,CARD_PURCHASE,,ATM,RESTAURANT,TND
98ea3367-2331-4fba-8dcf-6a8d2475028a,OP-000900,25.08,2026-10-12,ONLINE_PAYMENT,,ATM,FOOD_DELIVERY,TND
1d7d8f22-0b82-43f0-a7d1-4feec5caaa97,OP-000901,367.35,2026-10-10,SAVINGS,,ATM,,TND
d5aca640-a679-462e-ac8a-fc17aad46bae,OP-000902,78.09,2026-09-13,CARD_PURCHASE,,POS,RETAIL,TND
4c056708-a89d-4649-aec7-069be9505175,OP-000903,123.8,2026-09-07,BILL_PAYMENT,,ONLINE,,TND
023a65f7-7884-4f2c-805c-1b2cfdd790e8,OP-000904,24.81,2026-09-20,ONLINE_PAYMENT,,ATM,GROCERY,TND
0aced6d2-4fe1-4787-b653-d3bf70a4c30e,OP-000905,51.96,2026-09-02,BILL_PAYMENT,,ONLINE,,TND
1d7d8f22-0b82-43f0-a7d1-4feec5caaa97,OP-000906,385.36,2026-10-14,ONLINE_PAYMENT,,POS,RESTAURANT,TND
d5aca640-a679-462e-ac8a-fc17aad46bae,OP-000907,492.21,2026-08-30,TRANSFER,OUT,ONLINE,,TND
9e1cd179-232c-4848-b615-d36a7f8fea95,OP-000908,358.97,2026-08-12,TRANSFER,OUT,MOBILE_APP,,TND
4c056708-a89d-4649-aec7-069be9505175,OP-000909,0,2026-09-12,PRODUCT_EVENT,,ONLINE,,TND
2ecd0ce0-37ce-44b3-bb33-b0e719183e8a,OP-000910,0,2026-09-24,PRODUCT_EVENT,,POS,,TND
7e9308eb-2669-4dc5-a96d-b8bf509e4f87,OP-000911,110.01,2026-09-29,BILL_PAYMENT,,MOBILE_APP,,TND
0aced6d2-4fe1-4787-b653-d3bf70a4c30e,OP-000912,68.15,2026-08-11,CARD_PURCHASE,,POS,RESTAURANT,TND
caa48f29-3c8e-4100-81b5-bc72037a6324,OP-000913,498.81,2026-09-15,TRANSFER,IN,ONLINE,,TND
e6ee527b-2c1b-4a91-a493-714bb2bad56b,OP-000914,366.21,2026-09-02,TRANSFER,IN,ATM,,EUR
9e1cd179-232c-4848-b615-d36a7f8fea95,OP-000915,148.61,2026-08-31,TRANSFER,IN,ATM,,TND
98ea3367-2331-4fba-8dcf-6a8d2475028a,OP-000916,178.91,2026-10-12,SAVINGS,,ATM,,TND
2101db79-89a1-414b-9b37-351d9797701b,OP-000917,248.38,2026-09-04,TRANSFER,OUT,MOBILE_APP,,TND
fc08d5f4-6b0a-400a-80c7-1e44b59a39a7,OP-000918,464.56,2026-08-31,SAVINGS,,MOBILE_APP,,TND
2101db79-89a1-414b-9b37-351d9797701b,OP-000919,419.13,2026-09-27,TRANSFER,IN,ONLINE,,EUR
2101db79-89a1-414b-9b37-351d9797701b,OP-000920,324.29,2026-08-29,DEPOSIT,,ONLINE,,TND
9e1cd179-232c-4848-b615-d36a7f8fea95,OP-000921,259.28,2026-09-09,DEPOSIT,,ONLINE,,TND
2ecd0ce0-37ce-44b3-bb33-b0e719183e8a,OP-000922,37.17,2026-09-30,BILL_PAYMENT,,POS,,TND
2101db79-89a1-414b-9b37-351d9797701b,OP-000923,209.43,2026-09-13,ONLINE_PAYMENT,,ATM,E_COMMERCE,TND
98ea3367-2331-4fba-8dcf-6a8d2475028a,OP-000924,179.39,2026-09-29,CARD_PURCHASE,,POS,E_COMMERCE,TND
b9765fa3-eb6d-476d-b764-aea7af2b8717,OP-000925,283.14,2026-09-30,SAVINGS,,ATM,,TND
8b4318d7-b169-44ad-9bb1-a5d4dcc3848e,OP-000926,86.54,2026-08-08,SAVINGS,,MOBILE_APP,,TND
2101db79-89a1-414b-9b37-351d9797701b,OP-000927,0,2026-08-02,PRODUCT_EVENT,,MOBILE_APP,,EUR
2101db79-89a1-414b-9b37-351d9797701b,OP-000928,266.45,2026-09-20,DEPOSIT,,ONLINE,,TND
8b4318d7-b169-44ad-9bb1-a5d4dcc3848e,OP-000929,61.29,2026-08-30,BILL_PAYMENT,,ONLINE,,TND
0aced6d2-4fe1-4787-b653-d3bf70a4c30e,OP-000930,40.55,2026-08-31,SAVINGS,,POS,,TND
7e9308eb-2669-4dc5-a96d-b8bf509e4f87,OP-000931,157.09,2026-08-20,CARD_PURCHASE,,ONLINE,FUEL,TND
2101db79-89a1-414b-9b37-351d9797701b,OP-000932,42.68,2026-10-04,BILL_PAYMENT,,ATM,,TND
2eb9fcac-f9f8-48bc-b186-3f087468dc42,OP-000933,379.96,2026-10-06,ONLINE_PAYMENT,,POS,GROCERY,EUR
9e1cd179-232c-4848-b615-d36a7f8fea95,OP-000934,239.55,2026-09-12,SAVINGS,,MOBILE_APP,,TND
4c056708-a89d-4649-aec7-069be9505175,OP-000935,281.15,2026-10-10,TRANSFER,IN,ONLINE,,TND
efaa92cf-0e87-4370-ba67-be22f07d585d,OP-000936,151.23,2026-08-31,BILL_PAYMENT,,ONLINE,,EUR
2320cd15-2f4f-4184-a03f-31cce81b30f2,OP-000937,567.59,2026-09-18,SAVINGS,,POS,,TND
4c056708-a89d-4649-aec7-069be9505175,OP-000938,193.71,2026-09-07,CARD_PURCHASE,,ONLINE,RETAIL,TND
0aced6d2-4fe1-4787-b653-d3bf70a4c30e,OP-000939,0,2026-09-04,PRODUCT_EVENT,,MOBILE_APP,,TND
fc08d5f4-6b0a-400a-80c7-1e44b59a39a7,OP-000940,0,2026-10-04,PRODUCT_EVENT,,MOBILE_APP,,TND
db0c197a-9abf-446d-a292-f08378fe8df9,OP-000941,214.49,2026-09-14,ONLINE_PAYMENT,,ONLINE,RETAIL,TND
0aced6d2-4fe1-4787-b653-d3bf70a4c30e,OP-000942,16.54,2026-09-10,CARD_PURCHASE,,MOBILE_APP,E_COMMERCE,TND
7e9308eb-2669-4dc5-a96d-b8bf509e4f87,OP-000943,0,2026-09-30,PRODUCT_EVENT,,ONLINE,,TND
1d7d8f22-0b82-43f0-a7d1-4feec5caaa97,OP-000944,135.9,2026-10-13,BILL_PAYMENT,,ATM,,TND
fc08d5f4-6b0a-400a-80c7-1e44b59a39a7,OP-000945,394.49,2026-08-23,SAVINGS,,POS,,TND
0aced6d2-4fe1-4787-b653-d3bf70a4c30e,OP-000946,178.26,2026-09-26,BILL_PAYMENT,,MOBILE_APP,,TND
8b4318d7-b169-44ad-9bb1-a5d4dcc3848e,OP-000947,224.65,2026-09-18,CARD_PURCHASE,,ATM,FUEL,TND
caa48f29-3c8e-4100-81b5-bc72037a6324,OP-000948,225.86,2026-09-30,CARD_PURCHASE,,POS,TELECOM,TND
4c056708-a89d-4649-aec7-069be9505175,OP-000949,146.62,2026-08-06,CARD_PURCHASE,,POS,GROCERY,TND
2101db79-89a1-414b-9b37-351d9797701b,OP-000950,435.04,2026-08-06,TRANSFER,OUT,POS,,TND
46249a16-3043-4206-a6eb-10182dcb4257,OP-000951,275.34,2026-08-12,DEPOSIT,,POS,,TND
023a65f7-7884-4f2c-805c-1b2cfdd790e8,OP-000952,249.67,2026-08-19,CARD_PURCHASE,,ONLINE,E_COMMERCE,TND
6c4c71c8-cf5d-436e-ad6e-6c2a47f0637f,OP-000953,219.53,2026-10-06,CARD_PURCHASE,,MOBILE_APP,RESTAURANT,TND
2ecd0ce0-37ce-44b3-bb33-b0e719183e8a,OP-000954,350.27,2026-09-10,TRANSFER,IN,ATM,,TND
6c4c71c8-cf5d-436e-ad6e-6c2a47f0637f,OP-000955,130.61,2026-09-09,DEPOSIT,,MOBILE_APP,,TND
efaa92cf-0e87-4370-ba67-be22f07d585d,OP-000956,25.21,2026-09-06,CARD_PURCHASE,,POS,E_COMMERCE,TND
6c4c71c8-cf5d-436e-ad6e-6c2a47f0637f,OP-000957,91.4,2026-09-23,ONLINE_PAYMENT,,MOBILE_APP,TELECOM,TND
efaa92cf-0e87-4370-ba67-be22f07d585d,OP-000958,111.16,2026-08-05,BILL_PAYMENT,,POS,,EUR
2101db79-89a1-414b-9b37-351d9797701b,OP-000959,157.84,2026-08-31,DEPOSIT,,POS,,TND
8b4318d7-b169-44ad-9bb1-a5d4dcc3848e,OP-000960,375.86,2026-10-12,DEPOSIT,,ONLINE,,TND
0aced6d2-4fe1-4787-b653-d3bf70a4c30e,OP-000961,0,2026-08-21,PRODUCT_EVENT,,MOBILE_APP,,TND
fc08d5f4-6b0a-400a-80c7-1e44b59a39a7,OP-000962,135.28,2026-09-01,CARD_PURCHASE,,ONLINE,TELECOM,TND
16b627b5-bed0-421c-b04c-248716ba2757,OP-000963,83.01,2026-09-28,TRANSFER,IN,ATM,,EUR
6c4c71c8-cf5d-436e-ad6e-6c2a47f0637f,OP-000964,0,2026-10-11,PRODUCT_EVENT,,POS,,TND
2101db79-89a1-414b-9b37-351d9797701b,OP-000965,260.53,2026-08-28,ONLINE_PAYMENT,,POS,TELECOM,TND
d5aca640-a679-462e-ac8a-fc17aad46bae,OP-000966,0,2026-08-01,PRODUCT_EVENT,,POS,,EUR
6c4c71c8-cf5d-436e-ad6e-6c2a47f0637f,OP-000967,0,2026-09-12,PRODUCT_EVENT,,POS,,TND
98ea3367-2331-4fba-8dcf-6a8d2475028a,OP-000968,320.14,2026-08-05,DEPOSIT,,ATM,,TND
0aced6d2-4fe1-4787-b653-d3bf70a4c30e,OP-000969,0,2026-10-12,PRODUCT_EVENT,,ATM,,TND
db0c197a-9abf-446d-a292-f08378fe8df9,OP-000970,440.77,2026-10-05,DEPOSIT,,MOBILE_APP,,TND
9e1cd179-232c-4848-b615-d36a7f8fea95,OP-000971,501.65,2026-08-20,SAVINGS,,POS,,TND
6c4c71c8-cf5d-436e-ad6e-6c2a47f0637f,OP-000972,464.62,2026-08-10,TRANSFER,OUT,ONLINE,,TND
7ac599cc-ebe3-46c5-8f8f-8f2e29e57712,OP-000973,105.94,2026-09-17,BILL_PAYMENT,,POS,,TND
efaa92cf-0e87-4370-ba67-be22f07d585d,OP-000974,267.2,2026-09-30,SAVINGS,,POS,,TND
e6ee527b-2c1b-4a91-a493-714bb2bad56b,OP-000975,577.45,2026-08-06,DEPOSIT,,ATM,,TND
caa48f29-3c8e-4100-81b5-bc72037a6324,OP-000976,121.89,2026-09-11,BILL_PAYMENT,,MOBILE_APP,,TND
db0c197a-9abf-446d-a292-f08378fe8df9,OP-000977,270.66,2026-09-29,DEPOSIT,,ATM,,TND
4c056708-a89d-4649-aec7-069be9505175,OP-000978,122.67,2026-08-11,TRANSFER,IN,MOBILE_APP,,TND
0aced6d2-4fe1-4787-b653-d3bf70a4c30e,OP-000979,252.61,2026-09-16,TRANSFER,IN,MOBILE_APP,,TND
d5aca640-a679-462e-ac8a-fc17aad46bae,OP-000980,333.51,2026-09-10,ONLINE_PAYMENT,,ONLINE,GROCERY,TND
16b627b5-bed0-421c-b04c-248716ba2757,OP-000981,65.7,2026-10-09,SAVINGS,,ATM,,TND
16b627b5-bed0-421c-b04c-248716ba2757,OP-000982,457.44,2026-08-24,SAVINGS,,ATM,,TND
caa48f29-3c8e-4100-81b5-bc72037a6324,OP-000983,55.49,2026-08-14,SAVINGS,,POS,,TND
46249a16-3043-4206-a6eb-10182dcb4257,OP-000984,399.83,2026-10-04,ONLINE_PAYMENT,,ONLINE,GROCERY,TND
e6ee527b-2c1b-4a91-a493-714bb2bad56b,OP-000985,394.27,2026-10-02,ONLINE_PAYMENT,,POS,TELECOM,TND
98ea3367-2331-4fba-8dcf-6a8d2475028a,OP-000986,166.63,2026-09-19,BILL_PAYMENT,,ATM,,TND
2eb9fcac-f9f8-48bc-b186-3f087468dc42,OP-000987,0,2026-10-04,PRODUCT_EVENT,,MOBILE_APP,,TND
46249a16-3043-4206-a6eb-10182dcb4257,OP-000988,11.42,2026-09-22,CARD_PURCHASE,,ATM,RETAIL,TND
fc08d5f4-6b0a-400a-80c7-1e44b59a39a7,OP-000989,562.11,2026-09-03,DEPOSIT,,MOBILE_APP,,TND
9e1cd179-232c-4848-b615-d36a7f8fea95,OP-000990,176.21,2026-09-06,ONLINE_PAYMENT,,ATM,FOOD_DELIVERY,TND
fc08d5f4-6b0a-400a-80c7-1e44b59a39a7,OP-000991,532.15,2026-08-20,DEPOSIT,,ONLINE,,TND
efaa92cf-0e87-4370-ba67-be22f07d585d,OP-000992,66.14,2026-08-29,BILL_PAYMENT,,ONLINE,,TND
4c056708-a89d-4649-aec7-069be9505175,OP-000993,52.29,2026-09-12,BILL_PAYMENT,,ATM,,TND
efaa92cf-0e87-4370-ba67-be22f07d585d,OP-000994,0,2026-10-12,PRODUCT_EVENT,,ONLINE,,TND
1d7d8f22-0b82-43f0-a7d1-4feec5caaa97,OP-000995,0,2026-09-11,PRODUCT_EVENT,,ONLINE,,TND
2eb9fcac-f9f8-48bc-b186-3f087468dc42,OP-000996,120.34,2026-08-04,BILL_PAYMENT,,ATM,,TND
2ecd0ce0-37ce-44b3-bb33-b0e719183e8a,OP-000997,103.68,2026-08-28,CARD_PURCHASE,,POS,RETAIL,EUR
d5aca640-a679-462e-ac8a-fc17aad46bae,OP-000998,195.2,2026-08-09,ONLINE_PAYMENT,,ATM,GROCERY,TND
2eb9fcac-f9f8-48bc-b186-3f087468dc42,OP-000999,30.93,2026-08-02,CARD_PURCHASE,,ATM,RESTAURANT,EUR
46249a16-3043-4206-a6eb-10182dcb4257,OP-001000,0,2026-10-06,PRODUCT_EVENT,,ONLINE,,TND
